title,href,article
"고양이 ‘네 발 착지’의 비결, 360도 회전하는 흉추에 있었다",https://n.news.naver.com/mnews/article/028/0002795785?sid=103,"애니멀피플상체 가슴뼈가 허리뼈보다 회전범위 넓고 유연해



고양이는 높은 장소에서 떨어져도 네 발로 착지하는 독특한 능력을 지녔다. 최근 고양이의 ‘만점 착지’ 비결이 고양이의 유연한 등뼈에 있다는 연구 결과가 나왔다. 히구라시 야스오/해부학 기록 제공반려인이라면 고양이가 꽤 높은 장소에서 뛰어내릴 때도 네 발로 착지한다는 것을 자연스레 알고 있다. 그러나 과학자들에게 고양이의 정위반사(고양이가 낙하 시 본능적으로 균형을 잡는 행동)는 진지한 연구 주제 중 하나다. 물리 법칙으로 보자면 공중에 있는 물체는 무언가 지지할 것이 없이 회전할 수 없기 때문이다. 이 때문에 19세기 초부터 물리학·생체역학·수학적 모델링 분야 과학자들은 고양이가 어떻게 항상 발로 착지하는가에 대한 답을 얻고자 노력해왔다. 1894년 학술지 ‘네이처’에 관련 연구가 발표되기도 했다. 그런데도 고양이의 ‘만점 착지’ 비결은 여전히 수수께끼로 남아있다.최근 히구라시 야스오 조교수 등 일본 야마구치대 연구진은 그 비밀이 고양이의 척추에 있다는 연구 결과를 내놨다. 이들은 지난달 24일(현지시각) 국제학술지 ‘해부학 기록’에서 “고양이의 정위반사 메커니즘을 밝히기 위해 척추의 부위별 유연성을 분석한 결과, 고양이 척추의 위 가슴뼈(흉추)는 허리뼈(요추)에 비해 회전 범위가 넓고 훨씬 유연해 비틀림에 최적화된 구조를 지니고 있었다”고 밝혔다.그동안 ‘낙하하는 고양이 문제’(Falling Cat Problem)는 두 가지 기계적 모델로 설명됐다. 첫 번째는 ‘다리를 안으로 넣었다 빼기’다. 이 설명에 따르면 고양이는 자유낙하 중 올바른 자세를 취하기 전에 먼저 뒷다리를 뻗었다가 다시 집어넣는 동작을 하며, 이때 상체와 하체가 순차적으로 비틀려 균형을 잡게 된다는 것이다. 또 다른 하나는 ‘몸 웅크리고 돌리기’다. 이는 고양이가 몸을 굽히면서 상체와 하체를 동시에 반대로 회전시켜 반향을 재설정한다는 설명이다. 다만 두 모델은 고양이가 실제 공중에서 몸을 움직일 때의 데이터와 신체의 물리적 특성에 대한 검증이 충분치 않다는 지적이 있었다.이에 히라구시 교수와 연구진은 고양이의 해부학적 구조를 분석하는 데 집중했다. 이를 위해 연구진은 기증받은 고양이 사체 5마리를 부검하고, 척추에 비틀림 시험 장치를 이용해 회전 토크(돌림 힘)을 측정했다. 또 살아있는 고양이 두 마리를 90㎝ 높이에서 떨어뜨려 고양이의 움직임을 촬영했다. 이렇게 녹화된 영상은 프레임별 분석이 이뤄졌다.



살아있는 고양이 두 마리를 90㎝ 높이에서 떨어뜨려 고양이의 움직임을 촬영했다. 고양이들은 오른쪽으로 회전하는 빈도가 압도적으로 높았다. 히구라시 야스오/해부학 기록 제공그 결과 연구진은 고양이의 흉추는 매우 유연하지만 요추는 더 뻣뻣하고 무겁다는 사실을 발견했다. 요추는 회전 저항이 강하고 단단한 구조를 지녀 안정적으로 몸을 지지하는 역할을 하는 반면, 흉추는 요추에 비해 회전 범위가 넓고 비틀림에 최적화된 구조였던 것이다. 이는 고양이가 유연한 상체를 빠르게 돌려 앞발을 땅으로 향하게 한 다음 나머지 하체를 정확하게 비틀 수 있도록 하는 것으로 나타났다.히구라시 박사는 “고양이의 흉추는 우리 목처럼 회전할 수 있다”며 “척추 실험 결과 윗몸 척추뼈(흉추)가 무려 360도까지 회전할 수 있다는 사실이 밝혀졌다”고 미국 뉴욕타임스에 설명했다. 이번 분석 결과는 기존 가설 중 하나인 ‘다리를 안으로 넣었다 빼기’와 일치하는 측면이 있지만, 논쟁이 완전히 해결된 것은 아니다. 예컨대 두 번째 가설처럼 몸통이 동시에 회전을 시작하더라도, 상체가 더 가볍고 유연하기 때문에 회전이 더 빨리 끝날 수 있기 때문이다.또한 이번 실험에서는 또 다른 중요한 발견도 있었는데, 많은 동물들처럼 고양이도 움직임이 오른쪽으로 치우치는 경향이 있다는 점이었다. 살아있는 고양이 두 마리는 각각 총 8회씩 낙하 실험에 참여했는데 한 마리는 8번 모두 오른쪽으로 몸을 돌렸고, 다른 한 마리는 8번 가운데 6번을 오른쪽으로 회전해 오른쪽으로 움직이는 빈도가 압도적으로 높았다. 히구라시 박사와 연구진은 이어지는 연구에서 낙하하는 고양이에 대한 더 많은 데이터를 수집해 3차원 모델을 구축할 계획이라고 한다."
"네오위즈 '고양이와스프', 봄맞이 대규모 업데이트",https://n.news.naver.com/mnews/article/092/0002414281?sid=105,"신규 한정 고양이 '라익락 태비' 공개네오위즈(공동대표 김승철·배태근)는 힐링 모바일 방치형 게임 '고양이와 스프'에 봄맞이 대규모 업데이트를 진행했다고 13일 밝혔다.이번 업데이트는 '왕국의 아름다운 꽃길'을 메인 콘셉트로 기획됐다. 이용자 의견을 적극 반영한 시스템 개선과 콘텐츠도 함께 적용됐다.업데이트를 통해 새로운 고양이 캐릭터와 신규 조리 및 휴식 시설이 추가됐다. 다음달 9일 오전 8시 59분까지 신규 한정 고양이 '라일락 태비'를 만나볼 수 있다. 이와 함께 신규 조리 시설 '제비꽃 손질하기'와 휴식 시설 '커피 타임'이 생겼다.



네오위즈 '고양이와스프', 봄맞이 대규모 업데이트이용자 편의성 향상을 위한 시스템 개편도 진행됐다. 기존 '코스튬 보관함'을 '피팅룸'으로 전면 리뉴얼해, 보유한 모든 의상을 고양이에게 미리 입혀보고 자유롭게 커스터마이징할 수 있는 기능을 도입했다.업데이트를 기념해 다음달 6일 오전 8시 59분까지 '아기 고양이 여행지' 이벤트를 운영한다. 이용자는 이벤트 참여를 통해 획득한 재화로 '방랑공방' 교환 상점에서 신규 숲 테마 '등나무의 숲'을 비롯해 다양한 한정 아이템을 획득할 수 있다. 또 잠겨 있는 여행지 사진을 해금할 시 아기 고양이 전용 코스튬 등 특별 보상도 제공된다.시즌을 기념한 특별 혜택도 마련됐다. 오는 17일 세계적인 축제 '세인트 패트릭 데이'를 기념해 이달 31일까지 접속하는 모든 이용자에게 기념 특별 보상을 지급한다. 30일 이상 미접속한 이용자에게는 특별 미션과 가이드를 제공해 게임 복귀를 지원할 예정이다.이 외에도 특별한 손님, 시설 스킨 세트 등 봄 콘셉트의 한정 꾸미기 패키지 9종과 왕국의 아름다운 보석 패키지 4종을 새롭게 출시해 수집 재미를 더했다.네오위즈 관계자는 ""봄을 맞아 대량의 귀여운 꾸미기 요소와 함께 이용자 로열티를 강화할 수 있는 시즈널 콘텐츠를 준비했다""며 ""이용자 의견을 반영한 기능 개선을 통해 고양이와 스프만의 따뜻한 경험을 지속적으로 선보일 것""이라고 전했다."
인천 아파트서 개·고양이 8마리 사체 발견…30대 입건,https://n.news.naver.com/mnews/article/001/0015956097?sid=102,"경찰차 사이렌[연합뉴스 자료사진](인천=연합뉴스) 황정환 기자 = 인천의 한 아파트에서 여러 마리의 개와 고양이 사체가 발견돼 경찰이 수사에 나섰다.    인천 남동경찰서는 동물보호법 위반 혐의로 30대 여성 A씨를 불구속 입건했다고 12일 밝혔다.    A씨는 인천 남동구 아파트 자택에서 함께 지내던 개와 고양이 등 8마리를 방치해 죽게 한 혐의를 받고 있다.    동물보호단체는 다수의 동물을 모으는 것에 집착하지만 기르는 일에는 무관심해 방치하는 이른바 '애니멀 호더' 제보를 받고 경찰, 남동구 공무원들과 함께 A씨의 집을 찾았다.    A씨 자택에서는 8마리의 사체와 함께 방치된 강아지와 고양이 8마리가 발견됐다.    경찰은 이들 개와 고양이가 죽은 원인을 확인하기 위해 농림축산검역본부에 부검을 의뢰할 예정이다.    구조된 동물들은 병원에서 진료받은 뒤 동물보호단체 보호소로 옮겨질 것으로 알려졌다.    경찰 관계자는 ""부검 결과를 토대로 동물들의 사망 시점과 A씨의 학대 여부 등 구체적인 경위를 조사할 예정""이라고 말했다.    hwan@yna.co.kr"
문 열자 참혹한 장면…30대 여성 집서 개·고양이 8마리 죽고 8마리 구조,https://n.news.naver.com/mnews/article/008/0005329637?sid=102,"인천 한 아파트에서 8마리의 개와 고양이 사체가 발견된 사건과 관련해 경찰이 30대 여성을 붙잡아 조사 중이다. /사진=임종철 디자인기자 인천 한 아파트에서 8마리의 개와 고양이 사체가 발견된 사건과 관련해 경찰이 30대 여성을 조사 중이다.13일 인천 남동경찰서는 동물보호법 위반 혐의로 30대 여성 A씨를 불구속 입건했다고 밝혔다.A씨는 인천 남동구 한 아파트에서 8마리의 개와 고양이를 굶기고 방치해 죽게 한 혐의를 받는다. A씨 집에선 사체 외 또 다른 강아지와 고양이 8마리가 발견됐다.동물보호단체는 A씨 관련 제보를 받은 뒤 경찰, 남동구 공무원 등과 동행해 A씨 집에 방문한 것으로 전해졌다. A씨는 다수의 동물을 모으나 제대로 돌보진 않는 '애니멀 호더'로 추정된다.경찰은 자세한 사건 경위를 밝히기 위해 사체들을 농림축산검역본부에 부검 의뢰했다. 구조된 강아지와 고양이들은 동물보호단체 보호소에 옮겨질 예정이다."
‘고양이 낙법’의 비밀 밝혀냈다…‘360도 회전’ 유연한 척추 덕분,https://n.news.naver.com/mnews/article/009/0005649059?sid=104,"100년 넘은 학계의 난제 ‘고양이 낙하’ 日연구팀, 척추 유연성·낙하영상 분석360도 회전가능 척추로 착지 자세잡아회전시 오른쪽으로 도는 경향도 드러나



 낙하하는 고양이 [구글 Gemini]오랫동안 물리학자들을 괴롭혀온 수수께끼, ‘낙하하는 고양이 문제’에 새로운 실마리가 풀렸다.고양이를 키워본 사람이라면 한 번쯤 목격했을 것이다. 소파에서 발을 헛디뎌 공중에서 몸을 한 바퀴 비틀더니, 아무 일도 없었다는 듯 네 발로 사뿐히 착지하는 그 장면. 너무 자연스러워서 당연하게 여기기 쉽지만, 사실 이것은 과학자들이 100년 넘게 풀지 못한 미스터리다.1894년, 프랑스의 생리학자 에티엔-쥘 마레이는 당시로선 최첨단 기술이었던 초기 동영상 카메라를 동원해 고양이를 공중에서 떨어뜨리는 실험을 감행했다. 결과는 충격적이었다. 고양이는 아무런 지지대 없이도 공중에서 스스로 몸을 뒤집어 발로 착지했다. 당시 과학계는 발칵 뒤집혔다. 하지만 어떻게 그게 가능한지는 여전히 수수께끼로 남았다.11일(현지시간) 뉴욕타임스(NYT)에 따르면 130여 년만에 일본 야마구치대학교의 생리학자 히구라시 야스오 연구팀이 학술지 ‘해부학 기록(The Anatomical Record)’에 이 문제를 해결한 논문을 발표했다. 핵심은 고양이의 척추에 있었다.



 에티엔-쥘 마레이의 고양이 낙하 연속 촬영. [공공저작물]연구팀은 기증받은 고양이 사체의 척추를 직접 구부리고 비틀며 각 부위의 유연성을 측정했다. 그리고 살아있는 고양이 두 마리를 약 90cm 높이에서 떨어뜨리며 영상을 한 프레임씩 분석했다.결과는 놀라웠다. 고양이의 흉추(등 위쪽 척추)는 무려 360도 회전이 가능한 것으로 나타났다. 히구라시 박사는 이렇게 설명한다. “고양이의 흉추는 우리 인간의 목처럼 회전합니다.” 반면 허리 아래쪽 요추는 상대적으로 단단하고 무겁다.이 구조 덕분에 고양이는 낙하 순간 먼저 앞몸통을 빠르게 돌려 지면을 확인하고, 이어서 뒷몸통을 맞춰 돌리는 방식으로 완벽한 착지 자세를 만들어낸다. 마치 몸 안에 정교한 자이로스코프가 내장된 것처럼.연구에서 예상치 못한 발견도 나왔다. 실험에 참여한 고양이 두 마리 모두 몸을 돌릴 때 오른쪽으로 도는 경향을 보인 것이다. 한 마리는 8번 낙하 중 8번 모두 오른쪽으로, 다른 한 마리는 6번을 오른쪽으로 돌았다. 고양이에게도 ‘방향 편향’이 존재하는 셈이다.



 낙하하는 고양이 [구글 Gemini]그렇다면 낙하 고양이 문제는 완전히 해결된 걸까? 아직은 아니다. 현재 과학계에서는 두 가지 모델이 경쟁 중이다. ‘앞다리 펼치고 뒷다리 접기’ 모델과 ‘동시에 반대 방향으로 비틀기’ 모델인데, 이번 연구는 전자에 힘을 실어주었지만 결론을 내리기엔 아직 데이터가 부족하다.노스캐롤라이나 샬럿 대학의 물리학자이자 ‘고양이 낙하 전문가’(세상엔 정말 다양한 전문가가 있다) 그렉 그버는 이렇게 말한다. “많은 과학자들이 역사적으로 고양이가 발로 착지하는 ‘단 하나의 진실된 방법’을 찾으려 했습니다. 하지만 자연은 단순함 따위엔 관심이 없죠.”히구라시 연구팀은 앞으로 더 많은 데이터를 모아 수학적·3D 모델을 구축할 계획이다. 고양이는 오늘도 유유히 소파에서 뛰어내리며, 자신의 비밀을 쉽게 내어주지 않고 있다."
[고양이 눈]생명의 힘,https://n.news.naver.com/mnews/article/020/0003703662?sid=110,뱀이 가스관을 타고 벽을 오르는 줄 알았습니다. 자세히 보니 담쟁이덩굴이 관을 휘감아 앞으로 나아가고 있네요. 어디에서든 제 길을 찾는 생명의 힘을 느낍니다. ―서울 강북구 수유동에서
따뜻한 자동차 보닛위 두 고양이… 봄이 오는 풍경[도시풍경],https://n.news.naver.com/mnews/article/021/0002776862?sid=102,"■ 도시풍경



사진·글=문호남 기자따스한 햇살이 자동차 보닛 위에 닿았다.명당이라 여긴 고양이 한 마리가 자리를 잡았다.뒤이어 한 마리가 더 나타났다.서로 가까운 사이인지 얼굴을 천천히 비벼 댔다.자리에 멈춰 서서 그 모습을 한참 바라봤다.특별한 일은 아니었지만 쉽게 지나치기 어려운 장면이었다.바람이 스칠 때마다 겨우내 남아 있던 차가운 기운이 조금씩 밀려나는 것 같았다.멀리서 들려오는 사람들의 웃음소리와,어디선가 지나가는 자동차 소리가 이 조용한 장면에 잔잔한 배경처럼 깔렸다.시간이 천천히 흐르는 느낌이었다.그 사이에서 고양이들은 아무 일도 없는 듯 햇살을 나눴다.별다른 목적도, 서두름도 없는 평온한 풍경이었다.유난히 길다고 느꼈던 겨울이 이제 끝자락에 닿은 듯하다.봄은 아마 이렇게 작은 풍경 속에서 먼저 시작되는 것일지도 모른다."
[어린이 새 책] 고양이가 커진 날 外,https://n.news.naver.com/mnews/article/082/0001370608?sid=103,"■고양이가 커진 날몸과 마음이 지친 어느 날, 터덜터덜 집에 왔더니 우리 집 고양이가 커져 있다. 고양이는 따뜻한 저녁상을 차린다. 편안한 온도와 거리에서 가장 편안한 위로를 건넨다. 지친 나의 침묵에 가만히 동행하는 존재, 반죽을 빚으며 마음을 고르는 빵 만들기 시간을 통해, 어느새 나는 별것 아닌 순간에 웃음이 난다. 0~7세 대상. 김효정 글·그림/사계절/44쪽/1만 5000원.



■사랑이 어때서?주인공 미쁘를 통해 첫사랑에 빠진 아이의 마음을 생생하게 담아낸다. 솜사탕처럼 달콤했다가 괜히 모른 척 마음을 눌러 보기도 하고, 어느새 일기장 한쪽에 계속 떠오르는 그 이름 ‘김희동’을 끄적이는 미쁘의 모습이 무척 사랑스럽다. 누군가를 좋아하는 마음과 솔직하게 마주하는 건 즐거운 경험이다. 유아·어린이 대상/김희현 글·그림/길벗어린이/44쪽/1만 5000원.



■마나의 편지제3회 창비그림책상 대상 수상작. 주인공 마나와 일곱 숭아가 고래섬에서 사계절을 지나며 겪는 다채로운 나날을 편지 형식으로 담았다. 탄력 있는 서사와 친근한 캐릭터의 매력이 돋보인다. 마나와 일곱 숭아가 마음을 나누고 서로를 돌보는 관계 속에서, 일상이 한층 풍요로워지는 순간들을 만날 수 있다. 0~7세 대상/나이 글·그림/창비/108쪽/1만 6800원.



■공이 나에게 말을 걸었다“그냥 확 공으로 변해 버려라!” 홧김에 외친 한마디에 축구 라이벌 차공수가 진짜 공이 되어 버리면서 차공수를 원래대로 되돌리기 위한 기막힌 작전이 펼쳐진다. 국가대표 축구 선수라는 꿈을 향해 나아가는 차공수와 그저 공 차는 순간이 즐겁고 행복한 남하지는 축구를 향한 진심을 들여다본다. 초등 대상/김정미 글/모예진 그림/길벗스쿨/148쪽/1만 5000원.



■달인만두 한 판이요!만두 장인을 꿈꾸는 열세 살 소년 ‘황뜸’이 돌아가신 할아버지가 남긴 만두 비법을 찾아가는 과정을 그린 작품으로, 어려움을 이겨 내고 씩씩하게 달인으로 거듭나는 뜸이의 여정이 유쾌하면서도 뭉클한 감동을 전한다. 가족애와 우정, 꿈과 노력의 의미를 깊이 있게 풀어낸다. 초등3~6학년 권장/송혜수 글/란탄 그림/창비/112쪽/1만 3800원.



■너를 죽이려면상실과 죄책감이라는 묵직한 주제를 다루지만, 어둡지 않다. 청소년 소설이지만 감정의 깊이가 다양하다. 책의 가장 큰 매력은 애도를 단순히 슬픔을 견디는 과정이 아니라, 남겨진 사람이 자신을 용서하고 다시 살아가기 위한 희망의 시간으로 그려 낸다는 점이다. 청소년 대상/하세가와 마리루 글/이소담 옮김/위즈덤하우스/176쪽/1만 5000원."
"에이드동물병원, “숨 쉬기 힘들어지는 고양이 질환” 유미흉 치료, 경...",https://n.news.naver.com/mnews/article/029/0003015620?sid=105,"이창선 수의사 “정확한 진단과 수술 타이밍이 예후 좌우”



사진 제공= 에이드동물병원고양이가 숨을 가쁘게 쉬거나 활동성이 갑자기 떨어진다면 단순한 컨디션 저하가 아니라 생명을 위협하는 흉부 질환의 신호일 수 있다. 그중에서도 ’고양이 유미흉’은 치료 시기를 놓치면 폐 기능이 급격히 악화될 수 있는 대표적인 질환이다.유미흉은 가슴 속 흉강에 림프액이 비정상적으로 고이면서 폐를 압박해 호흡을 어렵게 만드는 질환이다. 최근 이러한 고양이 흉부 질환 치료에서 경험과 협진 시스템의 중요성이 강조되고 있다.에이드동물병원은 2026년 국제고양이수의사회(ISFM, International Society of Feline Medicine)가 인증하는 Gold 등급을 획득했다.ISFM Gold 인증은 고양이 친화 동물병원을 평가하는 국제 기준으로, 고양이의 스트레스를 최소화하는 진료 환경과 의료 시스템을 종합적으로 평가해 부여된다.Gold 등급 인증을 받기 위해서는 고양이 전용 대기실·진료실·입원실 운영, 개와 동선이 분리된 진료 환경 고양이 전문 의료진 상주 고양이 스트레스 관리 시스템 의료진의 고양이 진료 교육 이수 등 100여 개 이상의 엄격한 기준을 충족해야 한다.에이드동물병원은 고양이 환자들이 보다 안정적인 환경에서 진료를 받을 수 있도록 시스템을 구축해 왔으며, 2019년에 이어 2026년에도 ISFM Gold 등급 인증을 다시 획득했다.



사진 제공= 에이드동물병원병원 관계자는 “고양이는 환경 변화에 매우 민감한 동물이기 때문에 진료 과정에서 스트레스를 최소화하는 것이 치료 결과에도 큰 영향을 준다”며 “앞으로도 고양이 친화 진료 환경을 지속적으로 발전시켜 나갈 계획”이라고 밝혔다.에이드동물병원은 유미흉 환자 치료 시 내과·영상의학과·외과 협진 시스템을 운영하고 있다.내과팀은 환자의 전신 상태와 기저 질환 가능성을 평가하고 호흡 안정과 체력 회복을 위한 초기 치료를 담당한다.영상의학과팀은 흉부 영상 분석을 통해 흉수의 분포와 흉관의 주행 방향, 흉막 변화 등을 정밀하게 확인한다.외과팀은 이러한 진단 결과를 종합해 수술 필요 여부와 치료 시점을 결정하고, 각 진료과가 하나의 팀으로 환자의 상태를 분석하고 치료 방향을 논의하는 것이 이 병원의 진료 시스템이다.에이드동물병원 흉부 외과 수술을 담당하는 이창선 외과 원장은 유미흉 치료에서 가장 중요한 요소로 치료 타이밍을 강조했다.이 원장은 “유미흉은 시간이 지나면서 흉막이 섬유화되고 폐의 탄성이 감소해 결국 수술 자체가 어려워질 수 있다”며 “흉수 배액만 반복할 경우 일시적으로 증상이 완화될 수 있지만 장기적으로는 예후가 악화될 가능성이 높다”고 설명했다.이어 “흉수가 반복적으로 축적되거나 유미흉이 의심되는 경우라면 경험 많은 외과 의료진의 진단을 통해 조기에 수술 여부를 판단하는 것이 중요하다”고 덧붙였다.에이드동물병원은 다년간 축적된 임상 경험과 협진 시스템을 기반으로 유미흉 환자의 치료 시점을 정밀하게 판단하고 있다고 밝혔다.병원 관계자는 “유미흉 치료는 단순한 수술이 아니라 환자의 호흡 회복과 삶의 질을 함께 고려하는 과정”이라며 “아이의 작은 호흡 하나까지 세심하게 살피며 보호자와 함께 치료 과정을 만들어가고 있다”고 말했다.이어 “수술의 순간뿐 아니라 회복의 끝까지 책임지는 의료를 제공하는 것이 병원의 목표”라고 강조했다.한편, 함께 보면 좋은 이야기 <고양이 두더지 유미흉 완치 판정 받은 날>은 에이드동물병원 공식 유튜브 채널에서 시청 가능하다."
"“나 좀 봐줘!”... 피겨 여왕 김연아, 강아지·고양이 앞에서는 ‘애교...",https://m.entertain.naver.com/article/468/0001224583,
"알디원 아르노, 플러팅 장인 등극…재재에 ""우리집 고양이 보러 갈래?"" ...",https://m.entertain.naver.com/article/213/0001377186,
"원주시, 내달 8~17일 개·고양이 광견병 예방접종",https://n.news.naver.com/mnews/article/003/0013808928?sid=102,"접종비 1만원



[원주=뉴시스]이덕화 기자 = 강원 원주시는 시민과 반려동물의 건강과 안전을 위해 내달 8~17일 상반기 광견병 예방접종을 한다고 9일 밝혔다.광견병은 감염 동물로부터 물리거나 할퀸 상처(교상)를 통해 전파되는 인수공통전염병이다. 뇌염 등 중추신경계 병변을 일으켜 사망에 이를 수 있다.접종 대상은 동물 등록된 개와 고양이다. 접종은 지역 동물병원 24곳에서 할 수 있다. 비용은 기간 내 접종하는 경우 1만원만 부담하면 된다.수의사의 판단에 따라 기본 예방백신을 미접종한 어린 개체와 임신한 개체 등은 접종이 불가할 수 있다. 미등록 개체는 내장형 무선식별장치로 등록 후 접종이 가능하다. 외장형 무선식별 장치와 인식표로 등록한 개체는 무선식별장치 또는 동물등록번호가 기재된 인식표 착용 및 동물등록증 지참이 필수다. 만약 외장형 장치나 인식표를 훼손·분실한 경우 내장형 장치로 변경 후 접종할 수 있다.기타 자세한 사항은 원주시 농업기술센터 축산과 가축방역팀으로 문의하면 된다.농업기술센터 관계자는 ""접종이 원활히 이뤄질 수 있도록 기간 내 동물병원 방문을 바란다""고 말했다."
"피겨퀸 김연아 애교 ""날 사랑해줘""",https://m.entertain.naver.com/article/003/0013819754,
[고양이 눈]봄볕 아래 장독,https://n.news.naver.com/mnews/article/020/0003702933?sid=110,봄볕 아래 장독 주택 마당 한쪽에 장독이 나란히 묻혀 있습니다. 파수꾼처럼 묵묵히 같은 자리에서 계절을 났습니다. 봄볕에 장이 맛있게 익겠네요. ―서울 강북구 수유동에서
"집에 돌아오니, 고양이가 커져 있었다 [새로 나온 책]",https://n.news.naver.com/mnews/article/308/0000037993?sid=103,"〈시사IN〉 기자들이 직접 선정한 이 주의 신간. 출판사 보도자료에 의존하지 않고 기자들이 꽂힌 한 문장.



고양이가 커진 날김효정 지음, 사계절 펴냄“고양이가 커져 있었다.”몸과 마음이 유난히 힘든 날, 집에 오니 고양이가 커져 있었다. 무슨 일일까. 그림책의 표지는 고양이 얼굴이다. 빵 부스러기가 잔뜩 묻어 있다. 커진 고양이는 저녁상을 차리고 ‘나’를 식탁 앞으로 불렀다. 입맛이 없어 깨작거리는 걸 보고 금세 빵 반죽을 만든다. 빵이 만들어지는 동안 납작해졌던 마음도 조금씩 부푼다. 주인공처럼 마음이 착 가라앉은 날, 우연히 이 그림책을 손에 쥐었다. 마지막 장이 다 넘어가자 책을 읽기 전과는 조금 다른 마음이 되었다. 연필의 회색만으로 그렸다고 한다. 무채색의 그림 중 색이 칠해진 부분은 오직 빵뿐이다. 빵을 다 먹었을 때쯤 무언가 이야기하고 싶어진 주인공을 보며 독자도 문득 허기를 느낀다. 그러면 된 거라고, 고양이가 가만히 토닥여주는 것 같다.



왜냐하면 왜냐하면 왜냐하면안 에르보 글·그림, 윤경희 옮김, 봄날의책 펴냄“늘 알아들을 수 있지는 않다.”동생은 가파른 정원과 난무하는 풀숲을 내면에 품고 산다. 반복되는 “왜냐하면”은 자폐를 가진 안 에르보의 동생이 끝내지 못하는 문장의 시작이다. 이때 “왜냐하면”은 온 힘을 다해 세계를 이해해보려 애쓰는 안간힘의 말이다. 작가는 그 말을 붙잡아 그림으로 시를 썼다. 동생의 내면에는 굳셈과 여림이, 어른과 아이가, 난폭과 사랑이 동시에 존재한다. 한가득, 한바탕, 한입, 한 덩이로. 그림 속 고양이는 ‘불가해’의 이미지를 대표하는 것처럼 보인다. 환한 노랑으로 펼쳐진 페이지 곳곳에 나타나는 고양이의 안내를 따라가다 보면 알게 된다. 우리는 이해하지 못해도 사랑하고, 이유 없이도 사랑할 수 있는 존재라는 걸. ‘왜’는 사랑의 세계에서 본질적인 질문이 될 수 없다는 걸.



포식자들의 시간줄리아노 다 엠폴리 지음, 이세진 옮김, 을유문화사 펴냄“포식자들의 시대가 도래한 것은 정상으로의 회귀에 가깝다.”이 책은 ‘지금 태동 중인 신흥 권력’에 대한 이야기다. 트럼프 같은 포퓰리스트 정치인들과 실리콘밸리의 억만장자 ‘기술 권력’이 암묵적으로 연합해 권력 작동의 본질 자체를 바꿔나가고 있다는 것이다. 특히 기술 권력이 정치권력을 흡수하거나 심지어 대체하며 민주주의의 규칙과 책임성을 점점 더 무력화할 것이라는 불길한 전망을 제시한다. 저자는 부끄러움 없는 독재자, 무질서를 전략으로 삼는 정치인, 기존 규칙에서 벗어나 거침없이 활보하는 기술 권력자들을 ‘포식자’로 규정하며, 그 탄생과 부흥의 과정을 르포 형식으로 치밀하게 서술한다.



1939년 명성아파트무경 지음, 래빗홀 펴냄“저는 지금의 일들을 보고 듣고 겪으며 거기서 느낀 감정을 역사 미스터리의 형식으로 녹였습니다.”‘무경(필명)’의 작품을 처음 본 건 〈한국추리문학상 황금펜상 수상작품집: 2024 제18회〉에서였다. 황금펜상은 주목할 만한 단편을 선정하는 추리문학상으로, 이해 수상작은 그의 단편 ‘낭패불감, 이러지도 저러지도 못하고’였다. 군사독재 시절, 경찰서 안에서 벌어진 고문이 소재다. 여기에 악마가 등장한다. 한국 현대사와 악마를 엮은, 본 적 없는 이 미스터리가 신선했다. 작가 이름을 기억한 계기였다. 그는 근현대사를 무대로 삼은 미스터리를 써왔다. 이번에는 1939년 경성이 배경이다. 일제강점기 조선을 추리소설로 재현했다. 아파트에서 일어난 살인사건. 범인을 찾는 ‘마님’ 최연자와 열두 살 식모 입분. 흡인력과 반전은 둘을 주인공으로 삼는 다음 작품을 예감케 한다.



나는 이완용의 글씨가 궁금했다강민경 지음, 푸른역사 펴냄“보고 있노라면 온갖 생각이 든다.”책 제목부터 도발적이다. 나라를 팔아먹은 인간이 글씨를 잘 썼든 말든 알 게 뭐란 말인가. 하지만 저자는 “매국노로서의 이완용이 아니라 ‘근대의 지식인이자 교양인’으로 일컬어졌던 서가 이완용을 추적”해보자는 목표를 세우고 “특정 인물에 대한 가치판단을 내리기보다 한국 근대 미술사와 미술사회사를 연구하는 방법을 시험”해본다. 명필로 소문나 글씨를 받아 가려는 사람들이 보낸 종이와 비단이 쌓여 있던 이완용의 서재부터 해방 이후 다른 작품을 표구하려 풀을 바르기 위한 배접지로 이완용의 글씨를 썼던 표구사의 풍경까지, 읽고 있으면 어느덧 그의 글씨가 궁금해진다.



세 번 속은 땅제윤경 지음, 이콘 펴냄“속은 사람은 남았고, 책임진 사람은 사라졌다.”20대 국회의원을 지낸 저자가 장편소설을 펴냈다. 개발사업을 둘러싼 15년간의 실패를 정면으로 다룬 작품이다. 소설의 무대는 ‘갈대만’이라는 해안 도시. 바다를 막아 대기업을 유치하겠다는 장밋빛 계획의 끝에 남은 것은 공사 중단과 소송, 막대한 빚뿐이었다. 행정의 무능과 책임 회피 속에 사업 실패의 피해는 고스란히 시민들이 떠안는다. 시민활동가 진두리는 왜 이런 실패가 반복되는지, 왜 책임지는 자는 없는지 이 사건의 전말을 기록하기로 결심한다. 저자는 “이 소설은 누군가를 고발하기 위한 기록이 아니라, 우리가 너무 쉽게 당연하게 여겨온 실패의 구조를 더 이상 외면하지 않기 위해 쓴 이야기다”라고 말한다. 갈대만이라는 가상 도시는 지금 이 순간에도 곳곳에 있다."
"넬동물의료센터-전북대, 고양이 희귀 간 증례 SCI급 국제학술지 게재",https://n.news.naver.com/mnews/article/421/0008817128?sid=101,"원발성 문맥 저형성증 연구 논문 JFMS 실려""임상 증상 없어도 간수치 높으면 CT로 확인""



러시안 블루 고양이(사진 클립아트코리아) ⓒ 뉴스1(서울=뉴스1) 최서윤 동물문화전문기자 = 넬동물의료센터(윤일용 대표원장)와 전북대학교 수의과대학(윤학영 교수) 공동 연구팀의 고양이 희귀 선천성 간 혈관 질환인 '원발성 문맥 저형성증(PVH)' 관련 연구 논문이 SCI급 국제 학술지인 'JFMS(Journal of Feline Medicine and Surgery) Open Reports' 최신호에 게재됐다고 밝혔다. 10일 안양 24시 넬동물의료센터에 따르면 이번 연구는 윤일용 대표원장과 조규민 과장(제1저자), 윤학영 전북대 교수(교신저자)가 참여했다. 진단이 까다로운 고양이 PVH 질환에 대한 조기 진단법과 임상적 예후를 명확히 제시했다는 평가를 받고 있다.이번 논문은 특별한 임상 증상 없이 6개월 이상 간수치(ALT, ALP 등)가 지속적으로 상승한 1세 러시안 블루 고양이 증례를 다뤘다. 일반적인 내과적 처치에도 수치가 호전되지 않았던 해당 환묘 CT 촬영을 통한 영상학적 정밀 평가를 진행했다. 첨단 CT 혈관 조영술을 통한 분석 결과 간으로 혈액을 공급하는 왼쪽 문맥 분지가 매우 왜곡돼 발달한 저형성 상태임이 확인됐다. 이로 인해 특정 간엽들이 정상보다 작은 위축 소견을 보였다. 의료진은 추가로 간 조직 생검을 실시해 문맥의 저형성과 담관 증식 등 조직병리학적 특징을 확인하며 PVH를 최종 확진했다.고양이의 PVH는 보고 사례가 매우 드문 희귀 질환이다. 대개 심각한 증상이 나타난 후에야 발견되는 경우가 많다. 그러나 이번 증례의 환자는 조기 진단과 적절한 내과적 관리를 통해 18개월의 추적 관찰 기간 합병증 없이 건강한 상태를 유지했다. 윤일용 내과 대표원장은 ""고양이는 질병이 상당히 진행될 때까지 증상을 숨기는 특성이 있어 정기 검진에서 발견된 작은 수치 이상도 간과해서는 안 된다""며 ""이번 사례는 수준 높은 영상 진단과 조직 신뢰도를 바탕으로 희귀 질환을 조기에 발견해 환자의 삶의 질을 높였다는 점에서 의미가 크다""고 설명했다.이어 ""임상 증상이 없더라도 간수치가 지속적으로 높다면 CT 등 정밀 검사가 필수적임을 확인했다""며 ""앞으로도 정밀 영상의 해부학적 이해를 바탕으로 난치성 혈관 질환의 조기 진단과 예후 개선에 앞장설 것""이라고 말했다. 한편 넬동물의료센터는 고양이 친화병원(Cat Friendly Clinic) 인증 기준에 부합하는 전문 진료 시설과 최첨단 장비를 운용하고 있다. 특히 설계 단계부터 고양이의 특성을 고려해 강아지와 동선이 완벽히 분리된 대기실과 진료실을 갖췄다. 고양이 전용 입원실 및 격리실, 고양이 친화적인 핸들링 시스템을 통해 환묘의 스트레스를 최소화하는 환경에서 진료를 하고 있다.[해피펫]



넬동물의료센터 윤일용 대표원장(왼쪽)과 조규민 과장(동물병원 제공) ⓒ 뉴스1"
"[포토S] 최예나, '사랑스러운 고양이'",https://m.entertain.naver.com/article/477/0000597125,
"박진영 ""김민주 첫인상? 시크한 고양이상...알고보니 해피 바이러스"" [R...",https://m.entertain.naver.com/article/213/0001377174,
고양이가 던진 질문… “인간만 정치적 주체인가”,https://n.news.naver.com/mnews/article/021/0002775953?sid=103,"■ ‘길냥이로 사회학하기’ 펴낸 권무순 작가야생-반려 사이 경계동물 생태인간과 사물이 사회 구성하는행위자-연결망 이론에 어울려통제대상 아닌 능동적 존재 파악모든 동물과 동등한 상호작용해낮은 위치 상대에 시선을 맞춰야



최근 서울 중구 문화일보에서 만난 권무순 작가는 신간 ‘길냥이로 사회학하기’에 대해 “보통 사회학은 기본적으로 인간과 그 집단을 연구하는 학문”이라며 “기존의 인간 중심 사회학을 해체하고 고양이를 포함한 비인간 구성원을 중심으로 한 새로운 정치사회학을 탐구하려고 했다”고 밝혔다.  윤성호 기자“고양이를 좋아하시나요?”권무순 작가에게 물을 수밖에 없는 질문이었다. 석사논문으로 ‘길고양이 개체수 관리 프로그램(TNR) 연결망에 관한 사회학적 분석’을 썼고, 최근 이를 바탕으로 ‘길냥이로 사회학하기’(오월의봄)라는 책을 출간한 신진 연구자. 누구보다 고양이에게 진심일 것만 같다. 최근 문화일보에서 만난 권 작가는 이렇게 답했다. “물론 좋아해요. 그런데 사실, 고양이만큼 ‘행위자-연결망 이론’을 잘 설명해주는 동물도 없다는 생각에 먼저 관심을 갖게 된 것도 사실입니다.”세계적 석학 브뤼노 라투르의 ‘행위자-연결망 이론’에 숨이 턱 막힌다면 우선은 고양이부터 살펴보자. 그의 연구는 길고양이를 있는 그대로 관찰하는 것에서 출발한다. 고양이는 더 이상 완전한 야생동물이 아니다. 야생과 반려동물 사이, 그 어딘가에 존재하는 ‘경계동물’에 가깝다. 권 작가는 “지금 사회에서 경계의 영역에 있는 개체가 훨씬 많지 않을까 생각한다”며 “그런데 이 경계에 있는 동물을 포착하기 위해서는 이전과는 다른 용어를 써야 한다”고 말했다. 흥미로운 발상은 이 도시의 경계동물을 ‘자유로운 노동자’에 비유하는 데까지 나아간다.이를테면 이런 식이다. 고양이는 자유로운 노동자다. 여기서 고양이는 사회가 발전하며 한 진영을 선택해야 한다. 집고양이가 될 것인가, 길고양이가 될 것인가. ‘고양이 마르크스’가 있었다면 이렇게 말했을 것이다. “이제 우리에겐 두 가지 자유뿐이다. 자유를 팔 자유와 굶주릴 자유!”



굶주릴 자유를 택한 길고양이 앞에는 또 다른 관문이 놓여 있다. 바로 중성화 후 방사하는 TNR이다. 인간은 길고양이의 번식과 영역 다툼을 줄이겠다며 이 제도를 도입했다. 하지만 권 작가는 TNR이 ‘과학적으로 불확실한 방법’이라는 결론에 도달했다. 제도를 지지하는 이들은 윤리가 아닌 과학의 이름으로 TNR을 설득하려 했지만, 역설적으로 그 불합리성 역시 과학적으로 반박되고 있기 때문이다. 마치 단순하고 부정확한 인구조사가 사회에 큰 도움이 되지 않듯, 부정확한 ‘묘구(고양이 인구)’ 집계에 의존하는 TNR은 완성된 진리가 아닌 ‘아직 만들어지지 않은 과학’일 뿐이다.인간의 통제와 제도가 빗나가는 이유, 권 작가는 그 해답을 고양이의 본질에서 찾는다. 고양이는 인간의 마음대로 통제되는 수동적인 대상이 아니다. 귀여운 길고양이에 대한 관찰은 여기서 사회학적 사유로 한 단계 도약한다. 권 작가는 고양이를 자신만의 고유한 속성과 행위성을 지닌 ‘비인간 행위자’로 규정한다. 인간과 비인간(사물, 동물 등)이 동등하게 상호작용하며 사회를 구성한다는 ‘행위자-연결망 이론’이 길고양이의 생태에 정확히 맞아떨어지는 것이다. “함께 살아가야 한다면 우리는 비인간 존재인 고양이도 ‘정치적 주체’가 될 수 있다는 사실을 인정해야 합니다. 라투르가 말한 ‘사물의 의회’처럼, 길고양이들과도 정치 공동체나 공론장을 형성할 수 있는 가능성을 열어두는 거죠.”행위자와 연결망의 관계 속에서 변화하는 것은 고양이만이 아니다. “때로는 과학자(인간)가 물질을 조작하는 것이 아니라 물질이 과학자를 원하는 대로 움직이게 한다”는 그의 말처럼, 그 또한 변했다. “길고양이와 시선을 맞추기 위해선 이들을 나보다 높은 곳에 두거나 내가 몸을 낮춰야 했다”고 말했다. 마주 보기 위해선 상대를 높이거나 내가 낮아져야 한다는 단순하지만 명징한 진리. 길 위의 작은 비인간 행위자들과 함께하며 권 작가는 이런 것들이 몸에 익었다."
"오에스피, 칠레 정부로부터 '인디고' 전 제품군 수출 승인 획득",https://n.news.naver.com/mnews/article/018/0006234157?sid=101,"[이데일리 신하연 기자] 프리미엄 펫푸드 전문기업 오에스피(368970)는 칠레 농축산청(SAG)으로부터 자사 브랜드 ‘인디고(INDIGO)’의 전 제품군에 대한 공식 수출 승인을 획득했다고 13일 밝혔다.



오에스피는 최근 칠레 SAG로부터 건식 사료(INDIGO Bionutrition), 고양이용 습식 캔(INDIGO Cat Can), 반려동물 전용 유산균(INDIGO Pet Origin Probiotics) 등 주요 제품 라인업에 대한 세 건의 공식 결의문을 수령했다. 이번 승인에 따라 미주지역 현지 파트너사와 함께 본격적인 현지 마케팅 및 유통망 확장에 나설 예정이다. 특히 이번 승인의 핵심은 오에스피의 제조 공정이 칠레 정부로부터 시설 승인 요건 면제(Excluye del requisito de habilitación)‘를 받았다는 점이다. 이는 SAG가 오에스피의 생산 공정 모노그래프를 정밀 분석한 결과, 제품 제조 과정에서 질병 유입 리스크를 완벽히 차단하고 있음을 공식적으로 인정한 결과다. 이로써 오에스피는 까다로운 현지 검역 절차를 간소화하고 보다 신속하게 제품을 공급할 수 있는 발판을 마련했다.상세 승인 내역을 살펴보면, 기능성 건식 사료인 ’인디고 바이오뉴트리션(INDIGO Bionutrition)‘ 8종(장 건강, 관절, 피부, 체중 조절, 저알러지 등)이 포함되어 개와 고양이를 아우르는 맞춤형 솔루션을 제공하게 됐다 . 또한, 고양이용 습식 캔 6종은 36개월이라는 안정적 유통기한을 승인 받아 원거리 해상 운송 및 현지 재고 관리에서 경쟁력을 확보했다. 전략 제품인 ’인디고 펫 오리진 유산균‘ 2종(개·고양이용)까지 승인 목록에 이름을 올리며 프리미엄 영양제 시장까지 공략 범위를 넓혔다.오에스피 관계자는 “칠레는 미주지역 국가 중에서도 위생 및 검역 기준이 매우 엄격한 국가로 통하는데 이번 SAG의 전폭적인 승인은 오에스피의 생산 설비와 품질 관리 시스템이 글로벌 최고 수준임을 입증한 것”이라며 “칠레를 거점으로 아르헨티나, 브라질 등 인접 미주지역 국가로의 브랜드 확장을 가속화할 계획”이라고 전했다."
