title,content,href
실럽급여 받는 중 취업 햇을 시,3차 실업급여일이 2월 26일이고 현재 4차 진행 중인 상태입니다.그 진행중에 취업을 해서 취업 신고를 하게 되면 실업급여는 중단되지만근무 시작한 날까지의 일급을 계산해서 급여를 준다단데 맞나요,https://kin.naver.com/qna/detail.naver?d1id=6&dirId=60804&docId=492311148&qb=7Leo7JeF&enc=utf8
산재 취업치료 휴업급여 질문,식당에서 일하던중 손가락 열상으로 산재를 승인받았습니다서류상에서는 취업치료가능이라 되어있었지만주방일 특성상 손가락 사용이 어려워 6일정도 휴무를 하였습니다일단 신청이느 해보자해서 휴업급여신청을 넣었더니 바로처리가 되어서 입금까지 하루도 안걸렸습니다 근로복지공단에서 심사후에 처리한거기 때문에 상관없는거 맞겠죠??,https://kin.naver.com/qna/detail.naver?d1id=6&dirId=6100403&docId=492067631&qb=7Leo7JeF&enc=utf8
"학사경고 취업,편입에 문제되나요?","신입인데 1학기에 학고받을거같습니다(학교를 못나감)그리고 2학기 휴학할건데취업,편입에 문제될수있을까요?편입은 문제될거같은데 학점은행제로하면상관없죠?",https://kin.naver.com/qna/detail.naver?d1id=11&dirId=110503&docId=492382469&qb=7Leo7JeF&enc=utf8
실업급여 수급 중 취업,안녕하세요실업급여 2회차까지 받았는데 이번에 취업을 했어요3회차 실업인정일에 취업 신고와 실업급여 신청 둘 다 하지 않을 예정인데 안하면 어떻게 되나요? 취업을 했으니 실업급여 신청은 당연히 안할건데.. 취업 신고도 안하면 문제가 생기나요? 자동 종결인가요? 귀찮아요 ㅠ ㅠ,https://kin.naver.com/qna/detail.naver?d1id=6&dirId=6080402&docId=492410475&qb=7Leo7JeF&enc=utf8
토스와 오픽 중 어떤 게 더 취업에...,"취업 준비하면서 토스와 오픽 중 어떤 시험을 봐야 할지 고민 중입니다. 두 시험 다 장단점이 있는 것 같은데, 실제 취업 시장에서 어떤 게 더 유리하게 작용하는지 궁금해요. 특히 제가 지원하려는 분야는 외국계 기업 쪽인데, 토스만 있어도 충분할지 아니면 오픽 점수도 같이 준비해야 할지 고민입니다. 실제로 면접 보셨거나 서류 넣어보신 분들, 어떤 시험 점수가 더 도움이 되었는지 경험담 듣고 싶어요. 둘 다 준비하는 게 현실적으로 가능할지도 조언 부탁드립니다!",https://kin.naver.com/qna/detail.naver?d1id=11&dirId=11080308&docId=492285599&qb=7Leo7JeF&enc=utf8
전기산업기사 취업,나이 50에 전기산업기사 자격증을 취득했습니다경기 안양쪽인 인덕원에서취업하고 싶은데 어찌해야하나요?,https://kin.naver.com/qna/detail.naver?d1id=11&dirId=113103&docId=492320360&qb=7Leo7JeF&enc=utf8
실업급여 받는 도중 취업,1월 14일부터 2월 12일까지 6회차 실업급여 기간인데2월 5일에 취업을 했습니다그럼 1월14일부터 2월4일까지의 돈은 나오는건가요?,https://kin.naver.com/qna/detail.naver?d1id=6&dirId=6080402&docId=491878058&qb=7Leo7JeF&enc=utf8
실업급여 취업후 퇴사,실업급여 받는도중 취업을해서 취업사실 신고후 실업급여를 받고 일하다가 안맞아서 퇴사를 했습니다취업은 1월6일 근무후 2월18일날 퇴사를하였고 다시 실업급여 신청을 못했는데 지금 다시 신청에도 되는건가요~?#고용보험#노무사#실업급여#고용보험,https://kin.naver.com/qna/detail.naver?d1id=6&dirId=6080402&docId=492153854&qb=7Leo7JeF&enc=utf8
성범죄자 취업제한제도,성범죄자 취업제한 제도 풀수있죠?풀수 있으면 법원에 반성문이랑 장애인증만 들고 가나요?,https://kin.naver.com/qna/detail.naver?d1id=6&dirId=60214&docId=491268022&qb=7Leo7JeF&enc=utf8
절도죄 기소유예 되었는데 어린이집 취업...,"25년도에 절도죄로 기소유예형을 받았습니다.  올해 어린이집 취업을 하고자 하는데 ""성범죄경력 및 아동학대범죄전력조회회신서""를 기관에서 온라인으로 발급을 할 예정입니다.제가 알고 싶은 내용은 단, 두 가지 입니다. 1. 성범죄경력 및 아동학대범죄전력조회회신서에 절도죄 기소유예에 대한 내용이 확인이 되나요?2. 어린이집에 취업하고자 할 때 절도죄 기소유예로 인해 취업제한에 체크 표시가 되어 출력이 될까요?어떤 지식인 답변에서는 절도죄는 취업제한에 포함 안된다고 하는 답변도 있고, 어떤 답변은 절도죄는 아동학대범죄경력에 포함된다는 답변도 있어서 정확히 알고자 질문 남깁니다.",https://kin.naver.com/qna/detail.naver?d1id=6&dirId=6020602&docId=492312482&qb=7Leo7JeF&enc=utf8
운전면허 취소 보육교사 취업 가능한가요,음주운전으로 징역1년에집행유예1년인데 보육교사취업가능한가요 site:go703.wordpress5945.com,https://kin.naver.com/qna/detail.naver?d1id=6&dirId=60214&docId=491720976&qb=7Leo7JeF&enc=utf8
일본 취업비자 or 경영비자 발급에 관해,"안녕하세요, 현재 IT공부와 더불어 창업을 준비중인 20대중반 남자입니다 전공이 맞지 않고, IT기술을 공부하여 창업을 하려는 생각에 일찍이 대학을 중퇴하여몇년간 기술공부만 하였습니다현재로서는 최종학력이 고교졸업입니다원래 일본에서 사업을 시작해보려고 했는데, 다카이치 사나에 집권 이후 갑자기 석사 학위를 요구하지를 않나, 자본금 요건이 3000만엔이 되지를 않나... 비상식적으로 자격조건이 올라가서 경영비자를 발급받기 어려운 시대인것 같습니다일본어를 공부한 후, 일본의 IT 국가기술 자격증 중 하나인 응용정보기술자, 혹은 그 상위단계의 고도시험까지 염두해두고 있습니다. 학력이나 국적의 자격요건은 없다고 들었습니다일본의 국가기술자격증을 취득하면1. 일본에서 해당 분야쪽으로 취업하며 활동할수 있는지 (창업이 가능해질때까지 준비)2. 일본에서 해당 분야쪽으로 창업을 할수 있는 비자를 받을수 있는지 (학력, 경력, 자본금이 부족해도)답변 기다리고 있겠습니다",https://kin.naver.com/qna/detail.naver?d1id=11&dirId=110603&docId=491903495&qb=7Leo7JeF&enc=utf8
취득이나 취업 시 불이익이 있을까요?,"성인 ADHD로 인해 일상생활이나 업무, 특히 운전이나 취업 준비할 때 어떤 어려움이 있을지 궁금해서 질문하게 됐어요. 성인 ADHD가 운전면허를 딸 때 문제될 수 있는 점은 뭔가요? 또, 직장 구할 때 이로 인해 불이익이 있을지도 모르겠어요. 그리고 만약 발달 장애나 집중력 문제 때문에 고민이 된다면, 어떻게 대처하는 게 좋을지 의견 듣고 싶어요. ADHD로 인해 운전면허 취득이나 직장에 지원할 때 어떤 점을 유의해야 하는지도 알려주시면 좋겠어요.",https://kin.naver.com/qna/detail.naver?d1id=7&dirId=70108&docId=492262722&qb=7Leo7JeF&enc=utf8
실업급여 일반/상용 온라인취업특강...,"제가 25.11.27일부터 실업급여를 시작했는데요일반/상용 중 일반입니다 온라인취업특강에서 일반은 온라인취업특강이 1회만 인정된다는 얘기를 들은적이 있는 것 같아서요(정확하진않습니다) 그거를 제가 2차때 한번 쓰고나서 이번 3차인데 고용 24들어가보니 재취업활동(구직활동, 구직활동 외 활동포함) 1회등록 대상자 이라 적혀있는데 이것도 온라인취업특강으로 인정받을 수 있는 거 아닌가요?상용/일반 구분 제외하고 2번까지 인정 받을 수 있는 건지 궁금합니다",https://kin.naver.com/qna/detail.naver?d1id=6&dirId=6080402&docId=491476093&qb=7Leo7JeF&enc=utf8
간호사 성범죄 전과 취업 영향,"간호대학 재학 중인 학생입니다.1.병원 취업 시 성범죄경력조회가 필수인 것으로 알고있는데, 취업제한을 받지 않았더라도 영향이 클까요?2. 이와 관련되어 취업제한을 받지 않은 사람이 병원에 합격한 사례가 있을까요?",https://kin.naver.com/qna/detail.naver?d1id=6&dirId=6020602&docId=490792821&qb=7Leo7JeF&enc=utf8
조기취업수당 얼마 받을수있나요?,제가 실업급여 신청하고 1회차만받고취업해서 돌아오는 2월이 1년되는데66000원책정 되어있고얼마를 받을수있는지 계산이 힘들어서요답변부탁드립니다!,https://kin.naver.com/qna/detail.naver?d1id=6&dirId=6080402&docId=489956157&qb=7Leo7JeF&enc=utf8
지거국 행정학과 공기업취업되나요,고2인데 제가 대학을 잘가도 지거국이에요 행정학과 희망하고있는데 행정학과에서 공기업 취업하는데 이점이 있을까요 추가적으로 준비해야하면 좋은게 있나요,https://kin.naver.com/qna/detail.naver?d1id=11&dirId=11050402&docId=492185030&qb=7Leo7JeF&enc=utf8
위탁하면 고3이후 바로 취업 가능할까요?,고등학생 위탁하면 대학점프해서취업 바로 할 수 있나요??위탁 할 수 있음 하려구요,https://kin.naver.com/qna/detail.naver?d1id=11&dirId=110408&docId=492292695&qb=7Leo7JeF&enc=utf8
썬팅 배우는 법 / 썬팅샵 취업방법,안녕하세요 이번에 전역한 남성 입니다. 전역 후 취업을 알아보는데 썬팅 샵 같은데를 취업 하고 싶습니다.찾아보니까 썬팅을 알령주는 곳이 있더라고요이제 궁금사항 질문 하겠습니다.1. 썬팅학원 다니고 취업하는 루트가 어떻게 되는지 궁금합니다.2. 학원 안 다니고 썬팅샵에 취업할 수 있나요?3. 취업하면 몇 년 배우고 독립 하는 지 궁금합니다(대략),https://kin.naver.com/qna/detail.naver?d1id=5&dirId=50703&docId=491677373&qb=7Leo7JeF&enc=utf8
취업알선 사기로 볼수 있을까요?,"안녕하세요. 24년 하반기쯤 친구(A)한테 괜찮은 회사가 있다고 하여 저한테 권유를 하였습니다.제가 당장 돈이 없어서  친구(A)가 지인(B)에게 1000만원을 입금 해줬습니다. 그렇게 시간이 흐르고 도중에 친구에게 소식을 들으면서 경기가 안좋고,지인(B)가 요즘 병원에 다닌다고 말을 해줬습니다.평소 저랑 친구(A)와 많이 친한 사이며 이 부분에 대해서 많은 대화를 하였고 기다리기로 하여 기다리다 보니 친구(A)도 이제 지인(B)랑 연락이 잘 안된다고 합니다.이럴 경우 지인(B)를 신고 할수 있을까요?마땅히 경찰서 가서 취업알선 당했다. 고소장 쓰겠다 그런거 뿐인가요?지금 친구가 가지고 있는 증거들은1.지인(B)에게 입금한 계좌이체 이력2.연락한 메세지 (약50%정도 보유하고 있음),나머지 50%는 만나서 대화를 한거라 증명을 할수가 없을거 같습니다.3.친구(A)도 당장 천만원이 없어서 자기가 마이너스통장에서 천을 빼고 아직 이자만 계속 내주고 있는 상황인데이럴경우 고소장을 쓸때  대출을 받은 이자도 같이 청구를 할수가 있을까요?무료법률 사무소도 찾아가볼까 하다가 , 가기전에 여기다가 질문해 봅니다",https://kin.naver.com/qna/detail.naver?d1id=6&dirId=60212&docId=491479165&qb=7Leo7JeF&enc=utf8
취업지원제도 1유형 근속시 수당...,"안녕하세요, 현재 취업지원제도 1유형 참여중입니다. 1회차 지급 받았고, 2회차 취업 활동 중인데 상담선생님께서 전달하신 바로는, 조기취업수당은 2026년도에 사라졌고, 6개월 12개월 근속시에 수당 신청을 할수있다고 안내하셨어요. 안내해주실때 3회차 기간내에 취업을 해야만 6개월, 12개월 근속시 수당이 나오니까 이점 참고해서 취업 준비 해달라고 하셨는데 제 지인은 회차는 상관없고, 4회차 5회차 취업해도 근속시에 수당이 나온다고 자기는 그렇게 수당을 받았다는데 , 어떤 정보가 맞는건가요?",https://kin.naver.com/qna/detail.naver?d1id=4&dirId=40612&docId=491431933&qb=7Leo7JeF&enc=utf8
국민취업지원제도 재신청 가능한가요??,안녕하세요. 저는 2021년인가 2022년에 한 번 국민취업지원제도를 통해 지원을 받았던 경험이 있습니다. 그 이후에 지금 다시 지원 조건에 해당하는 상황이 되어서 다시 신청하려고 하는데 또 신청할 수 있는지가 궁금해용  국민취업지원제도는 저처럼 일정 기간이 지나면 재신청해서 또 지원받을 수 있나요?? 재신청 가능여부랑 가능하다면 신청에 또 다른 제약은 없는지 알려주세요!!,https://kin.naver.com/qna/detail.naver?d1id=4&dirId=40612&docId=491328136&qb=7Leo7JeF&enc=utf8
"보이스피싱 의심되는 취업사기, 어떻게...","건물 사진 찍는 알바라고 해서 당근에서 월-금 9시 18시 일을 구했는데이틀정도했는데 인터넷에 쳐보니까 보이스피싱 어쩌구라고 있더군요. 이틀차는 사진찍는 일만 진행했는데이 일한거에 돈은 못 받나요? 혹시 보이스피싱 의심되서 신고하고 싶은데 어떻게 해야하나요? 아직 현금 운반책이라고 말은 안했지만 정황상 곧 할 거 같거든요 경찰과 합심해서 잡을 방법이나 이틀치 일한 분량을 돈으로 받아낼 수는 없을까요? 사진은 성실히 잘 찍어줬는데. 방법이 없겠죠 취업사기로 고소해도 벌금같은거 안나올까요?   관련태그: 사기/공갈, 고소/소송절차",https://kin.naver.com/qna/detail.naver?d1id=6&dirId=60215&docId=491344362&qb=7Leo7JeF&enc=utf8
12월에 딸이 취업한경우 연말 정산에...,"안녕하세요.연말정산을 하려고 하는 직장인입니다.2025년12월1일에 딸아이가 취업을 했습니다. 어떻게 연말정산을 진행해야 하는지 궁금합니다.1. 딸아이를 포함해서 연말정산을 진행한다.2. 딸아이를 빼고 연말정산을 진행한다.3. 1월~11월까지는 포함되고, 12월만 포함되지 않는다.4......등 어떻게 해야 되는지 알려주세요.",https://kin.naver.com/qna/detail.naver?d1id=4&dirId=40311&docId=491606274&qb=7Leo7JeF&enc=utf8
2D 아청법 위반 시 형량과 유학 및 취업...,"안녕하세요 저는 올해로 22살이 되는 유학준비생입니다. (만으로는 20세입니다.)지금으로부터 약 2년 반에서 2년전부터 약 1년 반 가까이 일본의 dlsite라는 합법 사이트를 이용하였습니다.해당 사이트에서는 음원, 게임, 만화, 그 외 기타 창작물들을 전연령가의 제품과 18세 이상의 이용가로 분류하여 구매할 수 있었고, 저는 때때로 18세 이상 시청가의 2d만화를 구매하곤 하였습니다.그중에는 2d 아청법(현실은 전혀 없습니다)에 저촉될법한(적어도 제가 보기에는 18세 미만인 그림이 몇장인가) 창작물도 몇 작품 있었습니다. 처음에는, 그리고 이후로 한동안은 합법 사이트이기에 괜찮은줄 알고 구매하였고, 이후 창작물의 종류와 상관없이 약 1년 전부터는 아무것도 구매하지 않았고, 그 무렵부터 얼마 지나지 않아 접속도 하지 않았으며, 다운 받은것은 삭제하였습니다.괜찮다 생각했던것과 별개로 최근에 생각이 바뀌어 자수를 생각하고 있습니다. 치료되었었던 우울증이 다시 심해져 불안감과 죄책감에 의해 일상생활이 망가졌고, 해외의 합법사이트인 것과는 별개로 연락은 오지 않았지만 속인주의에 의해 수사 실시 여부와 상관없이 처벌대상에 포함된다면 스스로 반성하고 필요하다면 처벌을 받는 것이 맞다고 생각했기 때문입니다.얘기가 길어져 죄송합니다만 여쭙고 싶은 것은 3가지입니다.1. 경찰서를 방문하면 아마 법률상에 적힌대로, 그리고 제가 예상하는 대로 징역형을 살게 될까요? 그렇다면 그 개월이나 년수는 어느정도가 될까요? 하지만 정말로 만약에 무혐의나 기소유예 등이 나올 수도 있을까요..?2. 유학을 준비하고 있었는데, 당연하게도 형이 끝난 후에도 갈 수 없게 제한이 될까요? 만에 하나 기소유예가 나오더라도 그런가요? 또, 이후의 취업이나 진학에도 제한이 걸리나요? 올해는 정말 일어서고 싶었기에 여쭤봅니다..3. 경찰서에 가면 구속되어 연락을 못 하니 주변을 정리하고 가는 편이 나을까요? 또, 불구속 조치 시에는 얼마쯤 지나야 형량을 고지받을 수 있나요?관련태그: 미성년 대상 성범죄, 형사일반/기타범죄",https://kin.naver.com/qna/detail.naver?d1id=6&dirId=60215&docId=491756240&qb=7Leo7JeF&enc=utf8
공무직 취업 시 법적 제한 사항 궁금합니다,"아동.청소년 성보에 관한 법률 아동복지법 에 해당하지 않는자 이게 공무원이나 일반 기업취업할때 제한 사유인데 아직 재판전이고 결과가 안나왔으면 저게 해당이 안될수도 있는건가요? 재판결과가 나오기 전이라면 제가 원서를 넣는가면 결과가 어떻개 되는지랑 상황이 어떻게되는지 궁금합니다 공무원은 해당이 어려운데 공무직은 어떻게되나요...............   관련태그: 미성년 대상 성범죄, 고소/소송절차",https://kin.naver.com/qna/detail.naver?d1id=6&dirId=60215&docId=491371854&qb=7Leo7JeF&enc=utf8
취업 늦게하면 국민연금,제가 늦은나이에 메디컬을 다니고 있고 그동안 회사다닌적이 없어서 국민연금을 낸 적이없습니다취업하면 35인데 그럼 그때부터 국민연금을 내면 어떤 불이익이 있나요?? 나중에 수령금액이 줄어드나요?,https://kin.naver.com/qna/detail.naver?d1id=6&dirId=6100402&docId=485229368&qb=7Leo7JeF&enc=utf8
간호학과 취업 시 나이,간호학과 학생입니다 제가 편입준비를 생각 중인데 나중에 취업할 때 병원에서 나이를 중요하게 보나요? 아무래도 편입을 하면 동기들보다 늦게 졸업을 할 것 같은데 병원에서는 현역을 선호한다는 얘기를 들어서요...,https://kin.naver.com/qna/detail.naver?d1id=11&dirId=11050403&docId=492146594&qb=7Leo7JeF&enc=utf8
"작년 금융소득 2000만원 초과, 올해 취업",피부양자가 작년 금융소득이 2000만원이 넘었을때 올해 초 정규직 취업을 하였다면 세금이 어떻게 될까요?,https://kin.naver.com/qna/detail.naver?d1id=4&dirId=40301&docId=491953272&qb=7Leo7JeF&enc=utf8
실업급여중 취업했을때,안녕하세요 실업급여 수급중입니다. 지인이 같이일하자고 연락이 와가지고요.제가 실업급여 2차가 200만원수령 4월6일이고 3차가 5월6일 200만원 수령이라 치면은5월 1일에 4대보험가입하고 직원으로일하게되면2차  200만원받고 끝인가요?아니면 3차에서 5일치 급여 뺀값이 들어오는건가요?궁금합니다,https://kin.naver.com/qna/detail.naver?d1id=6&dirId=6080402&docId=492118267&qb=7Leo7JeF&enc=utf8
조기취업 실업급여 수당,권고사직으로 퇴사했는데 실업급여 바로 신청하고 일주일만에 다른 자리 취업하면 조기취업수당 받을 수 있나요? 실업급여신청하면 처리기간 어떤지 모르겠습니다.,https://kin.naver.com/qna/detail.naver?d1id=6&dirId=60804&docId=481790767&qb=7Leo7JeF&enc=utf8
요즘 사범대 취업 잘 되나요,현재 고2 학생인데 사범대 나와서 선생님이 하고싶습니다. 근데 요즘 사범대 나와도 선생님 되기 힘들다고 해서.. 혹시 취업관련 자료나 공고자료 있으면 부탁드립니다ㅠ,https://kin.naver.com/qna/detail.naver?d1id=11&dirId=11050402&docId=492446796&qb=7Leo7JeF&enc=utf8
2월 말에 국민 취업 지원 제도를...,"제가 2월 말에 ㅇㅇ구 고용 복지 센터제가 2월 말에 ㅇㅇ구 고용 복지 센터에 가서 국민 취업 지원 제도를 신청하고 왔습니다. 근데 이게 평균 한달 정도 기다려야 된다고 하는데, 그럼 한달 정도 되면 전화나 문자가 오나요?",https://kin.naver.com/qna/detail.naver?d1id=4&dirId=40612&docId=492270731&qb=7Leo7JeF&enc=utf8
실업급여 재취업활동의 온라인 취업특강...,"제가 실업인정 2회차를 앞두고 있는데요.4년전에 실업급여를 한번 받았어요. 그때 온라인 취업특강 듣고 실업인정 받은 영상들이 있거든요.사진에 영상들이 4년전에 시청하고 인정받은 특강인데요, 예전 실업급여때 인정받은 온라인 특강은 지금 실업급여때도 마찬가지로 중복 시청 및 인정이 안되는거 맞죠?",https://kin.naver.com/qna/detail.naver?d1id=6&dirId=6080401&docId=492439607&qb=7Leo7JeF&enc=utf8
회계 취업,"수도권 4년제 대학 졸업했고 취준생인데전산회계 1급 , 전산세무 2급 , 컴활 2급 이렇게 따면 사원수 100명 정도되는 규모의 중소기업에 입사할 수 있는 스펙일까요?",https://kin.naver.com/qna/detail.naver?d1id=4&dirId=40402&docId=491706501&qb=7Leo7JeF&enc=utf8
청년입니다. 취업 어떻게 해야할까요.,"어느덧  20대 후반을 바라보고 있는, 뉴스에서 소위 말하는 쉬었음 청년입니다.대학을 졸업하고 좋은 회사에 취업하겠다고 시간을 보내고 떨어지고를 반복하며 어영 부영 시간을 보내다 보니 시간이 많이 흘러가 버렸고 어느덧 이력서에는 쓸만한 다른사람과의 협업 프로젝트는 전부 3,4년전 일이 되었습니다.그 결과 남은거라곤 인턴 경력같은 실무 경험은 전무하고, 토이프로젝트는 한참 전에 진행된거 몇개밖에 없는 무경력의 취업준비생인 자신의 모습 뿐이었습니다.제 전공 분야는 소프트웨어 개발인데요.부모님도 이제 정년에 가까워 지시고, 너무 폐를 끼치는것 같아서 더 늦기전에 어느 기업이 되었던 일을 시작하고 싶습니다. si여도 괜찮구요.돈도 많이 바라지 않습니다. 3000~3500정도만 받아도 감지덕지일것 같아요.하지만 다시 취업준비를 어디서부터 시작해야할지 막막해 지푸라기라도 잡는 심정으로 지식인에 조언을 구해봅니다.이력서에 채울 내용이 없는 저. 어떻게 취업 준비를 시작할 수 있을까요.",https://kin.naver.com/qna/detail.naver?d1id=4&dirId=406&docId=490788301&qb=7Leo7JeF&enc=utf8
한국장학재단 고교 취업연계 장려금...,안녕하세요 2017년도에 특성화고 다니며 고3 여름방학쯤 취업을 해서 아직 근무중 입니다.  최근에 고교취업연계 장려금을 받을수있다고 알게 되어서 지금 신청해도 받을수 있을까요? 혹시나 회사에서 발급받아야하는 증빙서류들도 있을까요?,https://kin.naver.com/qna/detail.naver?d1id=11&dirId=110505&docId=484304566&qb=7Leo7JeF&enc=utf8
취업 시 원천징수영수증 발급 연도,"취업한 회사에서 연말정산 시 필요한 원천징수영수증을 발급하라고 했는데, 2025년에 취준생이라 소득이 없었던 상태거든요.그러면 따로 영수증 발급을 안해도 되는 걸까요?올해(26년) 기준으로 전년도 지급내역만 조회해서 영수증 발급하면 되는건지,아니면 24년도 등 이전년도까지 모두 살펴보고 조회되는 내역을 다 발급해 가야하는 건지 궁금합니다.",https://kin.naver.com/qna/detail.naver?d1id=4&dirId=40309&docId=491587807&qb=7Leo7JeF&enc=utf8
캄보디아 취업비자,"캄보디아 취업비자 캄보디아에 위치한 한인회사에 합격할 경우 , 어떤 취업비자를 받고 일하나요?",https://kin.naver.com/qna/detail.naver?d1id=9&dirId=9020107&docId=486774421&qb=7Leo7JeF&enc=utf8
해외 취업 창업 관심있는데 국비나 배울...,안녕하세요~ 앞으로 해외 취업 창업 둘다 관심있는데 개인적으로는 K 관련한 주제로 창업이나 취업의 생각이 있습니다. 취업도 상관없고 조금 더 넓은 세계로 나가고자 하는데 관련해서 지원 받거나아니면 프로그램 같은게 있을까요? 있다면 알려주세요,https://kin.naver.com/qna/detail.naver?d1id=4&dirId=40612&docId=483803139&qb=7Leo7JeF&enc=utf8
성범죄자 취업제한 질문,성범죄자 취업제한 대해 질문드립니다취업을 하게되면 혹시 직장동료도 알게 되는지직장근처 사람들이 알게되는지 궁금합니다 ㅠ,https://kin.naver.com/qna/detail.naver?d1id=6&dirId=60206&docId=474797131&qb=7Leo7JeF&enc=utf8
기초생활수급자 취업연기,기초생활수급자로 취업사유를 연기를 하는데 .. 직업이 배달기사입니다 사장님이 있고 그밑에서 기사로 일을하고있는부분인데 여기서도 재직증명서가 발급이 된다고 합니다 . 이런경우 실태조사를 어떻게 진행하는건지 . 배달일을 해도 기초생활수급자 취업사유로 가능한지 궁금합니다,https://kin.naver.com/qna/detail.naver?d1id=6&dirId=603&docId=486056292&qb=7Leo7JeF&enc=utf8
국민취업지원제도 어떤 방식인가요?,"국민취업지원제도에 대해서 알게 되어 알아보다가 내용이 좀 어려운 것 같더군요. 그래서 국민취업지원제도에 대한 정보나 방식,조건 등을 알려 줄 수 있나요?",https://kin.naver.com/qna/detail.naver?d1id=11&dirId=110704&docId=491533030&qb=7Leo7JeF&enc=utf8
주거침입죄 집행유예 종료되어도 취업은...,지난 2020년6월에 주거침입죄로 집행유예2년을 선고받았습니다. 저는 사회복지기관이나 청소년시설에 취업을 희망하는데 2022년6월 집행유예가 종료되어도 이러한 기관에 취업은 평생 꿈도 못꾸는 일이겠죠? 주거침입죄는 성범죄가 아닌 일반범죄에 해당되는데 그래도 집행유예 기간이 끝났어도 결격사유에 해당되어 사회복지기관이나 청소년시설에 취업은 아주 어렵나요?,https://kin.naver.com/qna/detail.naver?d1id=6&dirId=6020602&docId=405915294&qb=7Leo7JeF&enc=utf8
국민취업제도 직업훈련,안녕하세요국민취업제도 1유형을 하다가 6월 20일에 종료가 됐는데 사후관리기간이 있더라구요그 사이에 국민취업제도 자격으로 직업훈련 참여가 가능한가요?,https://kin.naver.com/qna/detail.naver?d1id=4&dirId=40612&docId=486516179&qb=7Leo7JeF&enc=utf8
실업급여 1차 실업인정 후 바로 취업하면...,"실업급여 1차 인정받고 나서 바로 취업하게 되면, 그동안 받을 수 있었던 급여가 어떻게 되는지 궁금합니다. 듣기로는 1차 인정 이후에는 실업 상태가 아니게 되어서 급여 지급에 변동이 생긴다고 하던데, 정확히 어떤 식으로 처리되는지 알고 싶습니다. 혹시 이런 경험 있으신 분들의 조언 부탁드립니다. ㅠㅠ",https://kin.naver.com/qna/detail.naver?d1id=6&dirId=601&docId=491718796&qb=7Leo7JeF&enc=utf8
정년퇴직 이후 실업급여 취업하면 못...,정년퇴직 이후 실업급여 받다가 취업을 하면 취업 전날까지 실업급여를 받는다거나 취업을 했기 때문에 최대치로 다 못 받은 금액을 몇%로 해서 준다던가그런게 있나요?,https://kin.naver.com/qna/detail.naver?d1id=6&dirId=6080402&docId=472254360&qb=7Leo7JeF&enc=utf8
실업급여 수급 중 취업시 남은 실업급여...,9월 9일 회사 최종합격으로 10월 13일 입사하게 되었습니다바로 다음날 고용센터에 전화해서 말씀드렸고9월 26일 4차여서 센터 방문 후 취업예정확인서를 제출하라고 하셨는데요입사일은 10월 13일이라 4차 센터 출석 후 입사 날 전까지도 실업급여 수급을 할 수 있나요?,https://kin.naver.com/qna/detail.naver?d1id=6&dirId=6080402&docId=489101290&qb=7Leo7JeF&enc=utf8
청년도약계좌 1년 유지중인데 해외취업...,아들이 청년도약계좌를 1년째 유지중인데 해외취업이 결정되었습니다 해지하게되면 많은 혜택을 포기하고 원금플러스 너무 적은 이자를 받는 것 같던데 좋은 방법이 있을까요?,https://kin.naver.com/qna/detail.naver?d1id=4&dirId=40612&docId=491946958&qb=7Leo7JeF&enc=utf8
실업급여 중 취업,"12/10이 마지막 실업급여수급날입니다. 근데 이번에 제가 합격한 직장 첫 출근날 예정일이 12/8 입니다.등본은 제출한 상태인데, 근로계약서는 아직 안 썼습니다.1. 언제 취업신고를 해야하나요? 얼핏 찾아보니까 2개월 안으로 알려야한다는데, 그럼 12/10에 받은 수급액 일부를 반환하면 되는 건가요? 어디에다 반환하나요..? 저절로 자동출금되나요?2. 첫출근날인 12/8에 근로계약서를 안 쓰고 12/10 이후에 근로계약서를 쓰게된다면 어떻게 해야하나요?",https://kin.naver.com/qna/detail.naver?d1id=6&dirId=6080402&docId=490606335&qb=7Leo7JeF&enc=utf8
지역농협(지농) 취업 난이도,"안녕하세요. 지역농협 취업에 관심을 가지게 된대학생입니다.저는 ncs를 공부한 적도 없고, 더군다나 비전공자라서이쪽 관련해서는 가진 스펙이 없는데요...현재 지거국 공대(충북 전북 중 하나) 다니고 있습니다.어학이나 컴활,한국사 따둔건 없고요.국어는 안정3등급, 영어는 모의고사 한정 안정2 지만 수능은 3등급... 이 정도가 제 머리입니다.Q1. 현실적으로 제 머리라면 몇개월정도 잡고 준비를 해야할까요? 지역마다 다르긴 하지만 깡촌(면 단위)에 살고있긴합니다. Q2. 제가 경영학과도 아니고 농대도 아닌데다가4학년이 아니라서 기사자격증도 없는데 불리하게 작용하나요?",https://kin.naver.com/qna/detail.naver?d1id=4&dirId=406&docId=483408770&qb=7Leo7JeF&enc=utf8
실업급여 취업사실신고 기준,1차 실업급여 끝난 상태입니다. 아직 취업을 못했어요그럼 취업사실신고는 따로 필요없는건가요?문자가 계속와서요~~ ㅠㅠ 도와주세욥,https://kin.naver.com/qna/detail.naver?d1id=6&dirId=6080402&docId=470538483&qb=7Leo7JeF&enc=utf8
일용직 고용보험 해지전 상용직 취업,일용직 고용보험은 다음달 15일에 해지가 된다고 합니다 하지만 당장 다음주부터 상용직 취업일정이 있습니다다음주부터 상용직 고용보험이 등록되어 피보험일수가 측정되어야하는데일용 고용보험은 상용 고용보험 계약일부터 그냥 바로 말소가 되나요?다음달 15일이 되기전에 취업한 순간부터 자동 전환 되는지 궁금합니다,https://kin.naver.com/qna/detail.naver?d1id=6&dirId=6080402&docId=492346229&qb=7Leo7JeF&enc=utf8
국민취업지원제도에서 제출하는 서류가...,"장년층 취업하려는데 쉽지는 않고, 눈은 많이 낮춰 바닥층에 지원해야 해서, 주로 몸 쓰는 일이겠죠. 자신이 없어서.국민취업지원제도를 신청하려고 합니다.50만원정도가 지원되는 제도인데, 취업하기 위해 훈련과정을 밟는 것인데..여기서 50만원 지원하는 건데 그냥 해 줄리가 없기에, 재산정도를 볼 거 같은데. 금융거래내역서나 전 계좌를 살펴보나요?혹시 경험 계신분들 어떤 서류가 제출되며, 어떤 과정을 거치는지 궁금하네요.도움 좀 부탁합니다.",https://kin.naver.com/qna/detail.naver?d1id=4&dirId=40612&docId=489942670&qb=7Leo7JeF&enc=utf8
폐업으로 인한 퇴사 후 취업 후 자진퇴사...,"이전에 일하던 매장이 폐업했습니다.그 후 얼마 지나지 않아 취업했고, 여러 조건이 맞지 않아 이번에 자진퇴사할 생각입니다. 실업급여를 받을 수 있나요?",https://kin.naver.com/qna/detail.naver?d1id=6&dirId=6080402&docId=490797749&qb=7Leo7JeF&enc=utf8
중소기업 취업 소득세감면 고령자,만60세전에 취직해서 5-10년 다닌직장에서 60세가 넘었는데 이런경우에도 지금 신청하면 감면대상이되나요? 가능하다면 감면기간 날짜를 어떻게 작성해야하는지도 알려주시면 감사하겠습니다,https://kin.naver.com/qna/detail.naver?d1id=4&dirId=40301&docId=491729300&qb=7Leo7JeF&enc=utf8
"실업급여 단기집단상담, 취업특강 다른센터","안녕하세요. 실업급여 관련해 질문드립니다. 1. 2차/3차 구직외활동을 단기집단상담 혹은 취업특강으로 하려고 하는데, 관할센터의 강의가 아니라 다른 센터의 강의도 구직외 활동으로 인정이 되나요? (Ex. 현재 관할 서울관악센터 -> 강의 센터 서울강서센터)(기간 내에 관할센터는 강의가 없음)2. 만약 된다면 센터에서 수강 후에 증빙자료로 또 준비해야 할 것이 있나요? 빠른 답변 부탁드립니다.",https://kin.naver.com/qna/detail.naver?d1id=6&dirId=6080402&docId=492269599&qb=7Leo7JeF&enc=utf8
실업급여 취업신고,안녕하세요.이번달 11일이 마지막 실업급여 수급신청날입니다.11월 7일에 회사에 입사하는데 11월 4일~6일까지 총 3일동안 회사 교육을 참석했으며 교육비는 12월 10일에 월급과 일괄 지급될 예정입니다.취업날짜는 11월 3일과 11월 7일중 몇일로 작성하여 실업급여 취업신고를 해야하나요?,https://kin.naver.com/qna/detail.naver?d1id=6&dirId=6080402&docId=477561848&qb=7Leo7JeF&enc=utf8
국취제 최종서비스기간 지나고 취업하면...,국취제 선생님께 문자가 왔는데 최종서비스기간 2월 첫째주로 안내받았습니다.24.11~25.05 국취제 6개월26.02 최종서비스종료제가 취업을 3월달에 하게 될거같은데 6개월 이상 다니면 성공수당을 신청하면 받는걸로 알고있습니다.최종서비스기간이 지나고나서 취업해도(6개월이상 다닐시) 성공수당 받을수있나요?26.02 최종서비스기간 종료26.03 입사26.09 성공수당 신청 가능한지?,https://kin.naver.com/qna/detail.naver?d1id=4&dirId=40612&docId=491542396&qb=7Leo7JeF&enc=utf8
취업준비 6개월 개인회생및 파산,몸이 안좋고 군면제도 받아서 컴퓨터로 하는일중에 연봉을 그래도 높게받기위해서 39세 막바지 늦은나이에 준비를하고있습니다이후에 취업후 개인회생할 작정인데요현재 신탁건물담보대출이 6400있습니다신용회복도 4천있구요 신탁건물담보대출이자만 내는데 한달에 47만원을 내야하는상황에서 2년정도를냇는데 건물 매매도 안되고 이제는 더이상 이자를 낼수가없는 지경이여서 경매로 넘길작정을하고있습니다6개월후 건물이 경매에 넘어가서 이자가엄청나게 불어날경우 그당시 취업을하면 연봉 약 4천에 입사할때 어떤식으로 갚아나가야되나요? 경매에 넘어간건물이 얼마에 낙찰되든 이자가 얼마까지 불든 보통 월 소득에서 최저생계비를제외한 비용x36이 갚아야할 돈 맞나요? 만약 연봉4천에 쉬운일이고 5천에 어려운일 둘다 취업이 가능할시 4천으로 하는게 차라리 좋지않을까요? 또한 다음년도 연봉이 올랐을때 매년신고가 나가니까 갚아야할비용도 최저생계비제외니까 더높아지는건가요?또한 대출4천의 빛의 대부분이 코인이였다면파산으로가는건 현실적으로 불가능이죠?,https://kin.naver.com/qna/detail.naver?d1id=6&dirId=60203&docId=484666585&qb=7Leo7JeF&enc=utf8
산재 후 취업,제가 지금 산재중인데 산재가 끝나면 취업을 해야하잖아요..?근데 산재가 6월에 끝난다하면 6월에는 직업을 아예 구하지를 못하는건가요??6월 산재 막달에 휴업급여받고 일을해도되는지 궁금합니다! 그럼 급여는 그 다음달 7월에 들어오니까 되지않을까했거든요 이거에 답해주실분 찾습니다제가 6월에 일을 안하면 7월에 낼수있는돈이 아무것도없으니까 그래서 걱정이거든요ㅠㅠ,https://kin.naver.com/qna/detail.naver?d1id=6&dirId=6100403&docId=467138575&qb=7Leo7JeF&enc=utf8
23년 고교취업연계장학금 선정 된 건가요?,"안녕하세요 현재 21살 특성화 졸업 후 1년 넘게 재직 중인 사람입니다최근에 23년 6월 즘에 신청한 고교취업연계장학금 안내가 왔는데 뒤늦게 선정이 된 걸까요...?한국장학재단 조회 했을 때 지급제외라고 나오는데이게 지급이 되는 건지 잘 모르겠네요혹시 저 같은 상황이신 분 계시나 싶어 질문 남깁니다,,",https://kin.naver.com/qna/detail.naver?d1id=11&dirId=110505&docId=484160334&qb=7Leo7JeF&enc=utf8
실업급여 기간 중 취업,현재 2차 실업인정까지 수급 받은 상태이고6월 27일이 3차 실업인정입니다6월 19일에 취업이 확정 되었고 6월 30일이 첫 출근입니다1) 6월 30일이 첫 출근인데 바로 취업 사실 신고를 해야하나요?2) 만일 취업 사실 신고를 해도 6월 27일 3차 실업인정일에실업인정 활동을 제출하는건 그대로 하면 되나요?3) 취업 사실 신고를 하면 4차 실업인정일은 굳이 신경쓰지 않아도 되나요? 4차 실업인정일은 7월 25일 입니다4) 3차 실업인정일에 실업인정 활동에 구직활동을 첨부하고면접합격을 선택하면 되는걸로 알고있는데 면접확인서랑 취업확정된 자료도 같이 제출해야할까요 아니면 구직공고랑 구직활동서만 제출하면 되나요?,https://kin.naver.com/qna/detail.naver?d1id=6&dirId=6080402&docId=486339535&qb=7Leo7JeF&enc=utf8
학원강사 취업거리제한,"학원강사로 퇴사후 이직을 고민중입니다.전직장에서 올 11월까지 계약이였지만, 합의 하에 퇴직을 권고 받았습니다.전직장 근로계약서에 윤리준수 의무로서 ‘학원과 동인한 소재지(반경 5km)에 교습소 또는 학원을 개업하거나 취업을 하면 안 된다. 라고 적혀있는데. 현재 반경 1키로 이내에 재취업 후 출근을 대기하고 있습니다.이러한 경우 어떠한 방법을 취해야하고, 어떤 식으로 해결을 해야할지 궁금합니다.",https://kin.naver.com/qna/detail.naver?d1id=6&dirId=6080401&docId=485384850&qb=7Leo7JeF&enc=utf8
국민취업제도 2유형 청년입니다....,국민취업제도 이용중에 취업을 하게 되어.  취업성공수당을 알아보고 있는데요. 조건을 알고 싶습니다. 월평균 급여랑 / 몇시간이상 근무 해야된다 이런게 있나요?~~,https://kin.naver.com/qna/detail.naver?d1id=4&dirId=40612&docId=491209602&qb=7Leo7JeF&enc=utf8
직업상담사 이중취업 문의,안녕하세요 현재 직업전문학교 직업상담사로 재직 중이며 고용노동센터에 직업상담사로 등록되어 있습니다평일은 직업학교에서 일하고 얼마전 부터 주말에는 편의점에서 일을 합니다그런데 편의점에서 고용보험에 가입하여 이중취업으로 되었습니다문제는 직업상담사는 이중취업이 안된다고 하네요직업학교 직업상담사로 등록이 유지되면서 주말 편의점 알바를 하는 방법이 있을까요?경제적인 이유로 주말 알바를 해야하는 상황입니다,https://kin.naver.com/qna/detail.naver?d1id=6&dirId=60804&docId=484604657&qb=7Leo7JeF&enc=utf8
실업급여 조기취업,실업급여를 신청해 1차 실업인정 출석일을 지정 받앗습니다. 출석일 전에 면접을 보고 출근날을 정하고 싶은대 조기취업에 해당이 안되나요?,https://kin.naver.com/qna/detail.naver?d1id=6&dirId=6080402&docId=477546405&qb=7Leo7JeF&enc=utf8
국민취업지원제도,"국민취업지원제도 구직촉진수당과 취업지원서비스에서 나오는 수당은 다른건가요,같은 건가요? 다르다면 각각 어떻게 신청해야하나요?",https://kin.naver.com/qna/detail.naver?d1id=6&dirId=6080402&docId=492494487&qb=7Leo7JeF&enc=utf8
취업 제한 명령 관련 질문,취업 제한 명령 관련2020년도 당시 강제추행혐의로 인해 벌금형 500만원과 취업 제한 명령 3년 처분을 받았었습니다당시 체육시설 (수영장)에서 근무를 하고 있어서 퇴사를 했었는데취업제한 명령 처분이 끝난 지금 다시 체육시설에서 근무를 하는 것이 가능할까요?'성범죄 경력 및 아동학대관련범죄 전력 조회 회신서'에는 취업제한 명령 여부만 회신 되기 때문에 괜찮다고 하는 얘기를 들어서요~,https://kin.naver.com/qna/detail.naver?d1id=6&dirId=6020602&docId=482059804&qb=7Leo7JeF&enc=utf8
집행유예와 취업제한명령에 대한 이해,성범죄로 판결을 받아서집행유예 4년과 취업제한 3년을 받았습니다. 제가 헷갈리는게 형을 선고받고 수강명령과취업제한명령도 받았습니다. 취업제한 3년은 집행유예가 끝난 후에 인가요?아니면 집행유예 4년 기간동안 취업제한 3년이 같이 흘러가나요..만약에 형이 끝나고 취업제한 3년이면7년동안 취업을 못하는 건가요?  관련태그: 형사일반/기타범죄,https://kin.naver.com/qna/detail.naver?d1id=6&dirId=60215&docId=479993415&qb=7Leo7JeF&enc=utf8
미용학원 아님 취업,헤어로 진로를 잡고있는 여고생인데요. 미용학원에서 실무를 배우고 취업해야 하나요? 어떤 분은 어차피 들어가면 처음부터 다시 배워야하니 미용학원에 돈 쓸 바에 빨리 취업하라는 말도 있고.. 그런데 취업 전에 제가 검정고시생이라 검고 고졸은 안써줄 것 같아서 대학을 진학하는게 좋을까요?,https://kin.naver.com/qna/detail.naver?d1id=8&dirId=80306&docId=471494424&qb=7Leo7JeF&enc=utf8
사회복지학과 취업잘되려면 뭐해야하나요?,"이번에 사회복지학과입학하는 대학생입니다. 취업 잘 되려면 뭘 해야하나요?학점관리, 봉사, 자격증,운전면허 말고 또 뭐가있나요1.봉사는 많이 할 수록 좋나요?2.자격증은 뭘 따면 좋을까요?3. 운전면허 1종,2종중에 뭘 따야할까요. 사람들마다 말이달라서요ㅠ4.사회복지학과도 취업할 때 토익점수 보나요?",https://kin.naver.com/qna/detail.naver?d1id=11&dirId=11050402&docId=491682209&qb=7Leo7JeF&enc=utf8
실업급여 수급기간중 취업,현재 실업급여를 한달정도를 쉬면서 실업급여를 받고 있는데요.제가 조기취업에 성공을 했습니다.그런데 취업한 직장에서 1년이상 재직을하면 조기취업 수당이 나온다고 하는데 만약에 제가 취업한 직자에서 한달안에 그만두면 다시 실업급여를 신청할수 있나요?참고적으로 실업급여는 4개월정도 남아있습니다.,https://kin.naver.com/qna/detail.naver?d1id=6&dirId=6080402&docId=471300440&qb=7Leo7JeF&enc=utf8
미용학원 다녀도 취업에 좋을까요?,미용고는 학교에서 취업을 시켜주는데미용 학원은 취업을 하는데 도움을 주나요?? 학원이나 학교나 취업은 비슷하나요?유명한 가게에서 일할수 있을까요?,https://kin.naver.com/qna/detail.naver?d1id=8&dirId=80306&docId=488061854&qb=7Leo7JeF&enc=utf8
실업급여중 취업후 바로퇴사,안녕하세요 실업급여 2차를 받고있는데요.2차 실업기간에 취업했다가 1일은 안전교육만받고 바로 다음날 퇴사를 했습니다. 1일날 근로계약서작성을 했구요. 이경우도 취업 사실을 신고해야되나요?건강보험자격득실 확인서 보니 내역에는 안뜹니다.#실업급여#실업급여상담,https://kin.naver.com/qna/detail.naver?d1id=6&dirId=6080402&docId=485701218&qb=7Leo7JeF&enc=utf8
전기공사기술자 고급 수첩이면 취업...,"고급 수첩이고, 나이도 40살 미만이고, 실무경험도 있으면.. 이직 잘 될까요? 제 질문의 핵심은 고급 수첩이 취업(이직)에 좋은 영향을 크게 미치냐는겁니다ㅜㅜ",https://kin.naver.com/qna/detail.naver?d1id=11&dirId=1118&docId=492373630&qb=7Leo7JeF&enc=utf8
실업급여 수급기간 도중 취업,"3차 실업 인정일 7/15일 전인 7/9에 취업을 하게되었고8일에 취업 했다고 알리기 위해서 관할 센터에 전화 했는데 업무중으로 통화가 어렵다는 안내음성과 함께, 대표 고객센터 번호를 안내해주어서 거기로 연락해상담을 받았습니다. 상담원분과 실업인정일 등 상세하게 얘기를 했는데 따로 전화로 고지 할 필요는 없고 2달 안에 취업사실신고만 하면 된다고 들었는데 오늘 7/14에 출석하라는 안내의 문자를 받았습니다엥 저는 따로 고지 없이 취업사실신고만 하면 되는줄 알고..아무생각이 없었는데 출석문자가와서.. 혹시 무단불참 처리 되는 등 불이익이 없는지 걱정이 되어서 질문 드립니다",https://kin.naver.com/qna/detail.naver?d1id=6&dirId=6080402&docId=487096005&qb=7Leo7JeF&enc=utf8
메이크업 취업,제가 대학교를 다니고 있는데 뷰티미용학과인데 메이크업 쪽으로 취업을 하고싶은데 실력이 부족한거 같아서 걱정이에요 공부만한다고 해서 실력이 느는게 아닌거 같은데학원도 따로 다녀야할까요? 서울이나 경기도 메이크업샵에 취업하고 싶어요,https://kin.naver.com/qna/detail.naver?d1id=8&dirId=80306&docId=492312736&qb=7Leo7JeF&enc=utf8
한국 대학 졸업 후 해외취업,한국에서 대학 졸업 후 일본으로 해외취업을 생각하고 있는데 해외로 바로 취업비자 받고 나가는게 좋을까요 아니면 해외기업인데 국내 지부를 두고 있거나 해외기업과 자주 협업하는 회사에서 커리어를 쌓고 해외로 이직하는게 나을까요?,https://kin.naver.com/qna/detail.naver?d1id=4&dirId=406&docId=491591309&qb=7Leo7JeF&enc=utf8
실업급여중 취업,실업급여를 받는중 무신고취업으로 근무하다가 적발되면 어떻게도나요?,https://kin.naver.com/qna/detail.naver?d1id=6&dirId=6080402&docId=476643645&qb=7Leo7JeF&enc=utf8
실업급여 기간 중 단기알바와 취업인정...,"안녕하세요. 다음달부터 권고사직을 통한 퇴직으로 실업급여를 신청할 예정입니다.5년간의 정규직 근속기간으로 실업급여가 약 7개월정도 나오는걸로 계산을 했는데, 실업급여 기간동안 단기알바를 통해 수입이 발생했을 때, 취업인정이 되는 기준에 대해 몇가지 궁금한 점이 있습니다.1. 1일 단기알바이긴 하나 경력기술직 활동으로 수입이 약 70만원 정도 잡히게 될 것 같습니다. (3.3% 공제 이후) 이때 수입신고를 하게 되었을 때 지급되는 실업급여에서 발생된 수입인 약 70만원을 제한 금액이 지급되는지, 혹은 1일 기준인 약 10여만원을 제한 비용이 지급되는지 궁금합니다.2. 저 단기알바를 1달에 1회씩 5~6개월정도 지속될 예정인데, 이렇게 되면 취업으로 인정이 되는지 궁금합니다. (사업자등록X, 3.3% 제한 일용근로직으로 신고할 예정)답변 미리 감사드립니다.",https://kin.naver.com/qna/detail.naver?d1id=6&dirId=6080402&docId=471414801&qb=7Leo7JeF&enc=utf8
실업급여 1차 전 취업 질문이용,"3월21일이 권고사직날이고센터에 실업급여 신청서 작성한지 삼일정도 됐고 5월20일이 1차 인정일인데요 이 전에 그냥 취업을 하고싶은데, 현재 신청한 실업급여 수급을 취소하고 취업할 경우1. 새로 취업한 곳에서 4대보험 공제 후, 퇴사하게 된다면 첫 권고사직 3월21일 기준 12개월 이내에 재 신청 가능한가요?아니면 실업급여 수급 자격이 아예 사라지는건가요?",https://kin.naver.com/qna/detail.naver?d1id=6&dirId=6080402&docId=484770441&qb=7Leo7JeF&enc=utf8
실업급여 수급중이고 19일에 취업예정입...,"실업급여 수급중이고 19일에 취업예정입니다.취업신고 하려고 하니 근로계약서나 재직증명서를 제출해야하던데, 취업 후 60일 안에만 제출하면 되는건가요?그리고 취업했으니 취업 전까지 구직활동도 안해도 상관없는 건가요",https://kin.naver.com/qna/detail.naver?d1id=6&dirId=6080402&docId=485165966&qb=7Leo7JeF&enc=utf8
중입니다... 경비업법 취업제한될까요...,안녕하세요 저는 이번에 술에 취해 블랙아웃 상태에서 경찰관의 신체를 밀어 공무집행방해죄로 수사받고 구공판이 열리는데요.... 혹시 실형이 나오면 당연이 취업제한이지만.....벌금형이 나와도 취업제한이 될까요....? 현재는 보안업쪽을 다니다가 저의 잘 못으로인해 피해 갈까봐 퇴사 후 아르바이트를 하면서 생계를 유지하고 있습니다....경비업법에 의거해서 공무집행방해 벌금형도 취업제한인지 알려주세요 ㅠㅠ,https://kin.naver.com/qna/detail.naver?d1id=6&dirId=60214&docId=490963554&qb=7Leo7JeF&enc=utf8
현실적으로 치기공 취업 전망 안좋나요,찾아보면 치기공 다 하지말하는데 왜그런가요ㅠㅠ1. 3d때문에 전망안좋고 취업안되나요?2. 야근이 많은데 월100도 안나온다는데 사실인가요?3. 개인사업말고 병원취업 어렵나요?4. 치기공과 비슷한 직업 있을까요?에이아이 답변은 정확하지않아서 채택안하겠습니다나머진는 거의 합니다,https://kin.naver.com/qna/detail.naver?d1id=11&dirId=11050404&docId=492204524&qb=7Leo7JeF&enc=utf8
취업지원제도 취소,취업지원제도 신청하고 상담일자까지 나왔는데 개인적인 사정이 생겨서 취업지원제도를 취소하게 되었습니다. 상담사님한테도 말씀드리고 현재 취하신청을 해둔 상태인데 현재 상태로 취소가 되면 패널티나 기간 상관 없이 재신청이 가능한 거죠? 취하 사유에 개인사정이라고 써도 인정이 되나요? 상담은 아직 한번도 하지 않았습니다,https://kin.naver.com/qna/detail.naver?d1id=4&dirId=40612&docId=492494304&qb=7Leo7JeF&enc=utf8
국민취업제도 심사시 대출,다른 조건은 다 되는데 이번에 제가 전세대출로 몇 천만원을 대출 받게 되는데 국민취업제도 1유형 심사시 문제가 있을까요??,https://kin.naver.com/qna/detail.naver?d1id=4&dirId=40612&docId=491394300&qb=7Leo7JeF&enc=utf8
유령직원 포함된 회사 취업시 불이익,"안녕하세요. 4/1부터 출근하게 된 회사가 현재 유령직원이 포함되어 5인이상 사업자라고 합니다.사장, 부장, 그리고 아랫직원 1명과 제가 입사하게되면 저포함 4인이며,유령직원이 있어 5인이상 사업자로 연차 등을 받을 수 있습니다.1. 유령직원이 있는 회사가 신고를 당하게 될 경우,근로자인 저한테도 불이익이 오는게 있을까요?2. 5인 이상인 지금 상황에서 유령직원들을 없앨경우 5인이하가 되게 된다면, 연차 등이 사라져서 근로계약서를 재작성하고, 저에게도 피해가 있을 것들이 있나요..?3. 이런 사업자에 취업하게 될 경우 알고 있어야 할 것들이 또 있을까요?",https://kin.naver.com/qna/detail.naver?d1id=6&dirId=60802&docId=466923411&qb=7Leo7JeF&enc=utf8
국민취업지원제도 심사기간,안녕하세요. 11월 13일 즘에 국민취업제도를 신청했었는데 고용 24시 들어가면 처리중이라고만 뜨고 아직까지 결과가 나오지 않아서 기다리고 있는 상황인데요 마이페이지에 들어가면 나오는 처리기관에 전화해서 문의하면 왜 오래걸리는지 알 수 있나요?,https://kin.naver.com/qna/detail.naver?d1id=4&dirId=40612&docId=490439151&qb=7Leo7JeF&enc=utf8
남은 연차와 이직(취업) 관련 질의입니다.,"이전 회사에서 남은 연차를 소진하는 기간 중에 이직을 하게 되면 이중 취업이 되는 건가요 ??예를 들어,남은 연차가 많아 4주 정도를 유급 휴가로 보내게 되었지만그 기간 중에 이직을 하여 새로운 직장에서 일을 하게 된다면이것은 이중 취업에 해당되나요 ??",https://kin.naver.com/qna/detail.naver?d1id=6&dirId=60802&docId=473636085&qb=7Leo7JeF&enc=utf8
취업규칙 최초신고,취업규칙 최초신고하고 나면 고용노동부에서 방문하나요?,https://kin.naver.com/qna/detail.naver?d1id=6&dirId=60804&docId=468252822&qb=7Leo7JeF&enc=utf8
"대학,취업 질문",제가 국민취업지원제도에서 1유형으로 지원받았었는데 지금은 종료되었거든요. 그럼 취업 얼마나 했냐에 상관없이 바로 대학 갈 수 있나요?,https://kin.naver.com/qna/detail.naver?d1id=4&dirId=40612&docId=492382487&qb=7Leo7JeF&enc=utf8
실업급여 받는 과정 취업 시 어떻게...,"안녕하세요. 실업급여를 4차까지 받았고, 5차 실업급여 인증일이 다음주 4월 30일 입니다. 다행히 새 직장을 구해 4월 28일부터 첫 출근을 하는데요. 찾아보니 근로확인서를 제출하면 취업일 전까지 실업급여를 받을 수 있다고 들었습니다. 그럼 저는 4월 30일 구직활동 관련 문서를 제출하지 않아도 되나요?아마 다음주 계속 바쁠 것 같아서 근로확인서를 바로 제출할 수 없을 것 같은데 그래도 되나요? 4/28 출근 -> 4/30 5차 실업급여 구직 인증일이나 무시 -> 5월 초 즈음 고용센터에 취직했다 알리고 근로확인서 제출. 을 생각하고 있는데 혹시 틀린 점 있는지 확인 부탁드립니다..!!",https://kin.naver.com/qna/detail.naver?d1id=6&dirId=6080402&docId=484517455&qb=7Leo7JeF&enc=utf8
"공백기 3년 후 자격증 취득, 취업에...","졸업 후 3년의 공백기를 가진 후 영양사 자격증을 준비하고 있습니다. 그동안의 공백기가 취업에 불리하게 작용할까 봐 걱정이 되는데요. 특히 공백기 동안의 경력이나 경험이 부족한 점이 마음에 걸립니다. 저처럼 공백기 후에 자격증을 취득하신 분들, 취업 과정에서 어떻게 극복하셨는지 조언 부탁드립니다. 공백기 동안의 공부와 자격증 준비가 취업에 긍정적인 영향을 줄 수 있을까요?",https://kin.naver.com/qna/detail.naver?d1id=4&dirId=40602&docId=491938700&qb=7Leo7JeF&enc=utf8
일본에서 취업하는 방법,"안녕하세요. 취업을 진로희망으로 꿈꾸는 중3, 예비 고1 학생입니다. 제 진로는 디저트(제과제빵)등을 배운 후 일본으로 넘어가 일본에서 영업하는 디저트 가게에 취업하고 싶다는 큰 꿈을 가지고 있습니다. 아직은 서툴고, 아는것도 부족해서 이렇게 질문 끄적여봅니다.Q1: 일본에서 취업도 하고, 자리를 잡고 살려면 어떠한 비자들을 신청해야하나요?Q2: 만일 (1)번에서 비자를 신청해야 할 때 필요한 조건이 있나요?Q3: 대학교를 나오는것이 일본에서 취업할때에 유리한가요?Q4: 일본에서 자리를 잡아 살고싶은데 돈은 어떻게해야 하나요?Q5: JLPT자격증 따는 나이는 제한없이 누구나 할 수있는거 맞나요?긴 질문 답변해주시면 감사하겠습니다! 감사합니다",https://kin.naver.com/qna/detail.naver?d1id=11&dirId=11080407&docId=489567649&qb=7Leo7JeF&enc=utf8
25살 첫 취업,"안녕하세요 올해 졸업한 24살입니다 교육과예요바로 취업하기에는 제 꽃다운 나이가 너무 아쉬워서요 저는 스무살이 되자마자 현재까지 쭉 알바 하면서 학교에 다니고 종강 땐 주5~6일 알바를 하면서 돈만 모았어요이번 년도는 여행도 많이 다니고 평소 따고 싶었던 GTQ나 컴활 기타 등등의 자격증들을 따며 지내고 싶어요... 물론 여전히 알바하면서요! 그런데 괜히 제가 1년 쉬어서 부모님이 힘들지 않을까, 주변 시선이 좀 그렇지 않을까 여러모로 불안해요1년 동안 쉬고 25살때 취업을 해도 괜찮을까요? 패륜아가 되는 기분이에요 (가정이 불우하진 않고 부모님들 모두 착하며 제 인생을 먼저 생각해주시는 분들입니다! 하지만 혼자 괜히 겁에 질려서 물어봐요)",https://kin.naver.com/qna/detail.naver?d1id=4&dirId=40602&docId=492234400&qb=7Leo7JeF&enc=utf8
"국민취업지원제도 1유형, 재산 기준에...","국민취업지원제도 1유형 신청하려고 하는데, 재산 기준이 4억원 이하라고 들었습니다. 그런데 제가 최근에 전세 계약을 갱신하면서 전세금이 꽤 올랐거든요. 이 전세금도 재산에 포함되는 건가요? 아니면 주택 구입 자금만 해당되는 건지 궁금합니다. 혹시 전세금 때문에 기준 초과로 신청이 안 될까 봐 걱정입니다.",https://kin.naver.com/qna/detail.naver?d1id=6&dirId=601&docId=491881051&qb=7Leo7JeF&enc=utf8
독일 취업 질문,독일에서 취업을 하고 싶은데 물리치료사랑 간호사 중에 어떤 직업이 취업이 더 잘 될까요?,https://kin.naver.com/qna/detail.naver?d1id=9&dirId=9020303&docId=462633987&qb=7Leo7JeF&enc=utf8
국민취업지원제도 인천 드림체크카드,둘 다 중복 수급을 할 수 없다고해서 일단 국민취업지원제도 1유형 신청해놓은 상태고 될지 안될지 모르는 상태라서 인천 드림체크카드 신청할려고 하는데 둘 다 중복신청도 안되는거죠..? 국민취업지원제도 확실히 못 받는다고 하면 그때 신청이 가능한거죵..?,https://kin.naver.com/qna/detail.naver?d1id=4&dirId=40612&docId=492300436&qb=7Leo7JeF&enc=utf8
"청년취업지원제도, 소득 기준 정확히...","제가 이번에 청년취업지원제도 신청하려고 하는데, 소득 기준이 좀 헷갈려서요. 중위소득 60% 이하라고 들었는데, 저희 가족 소득이 그 기준에 맞는지 확신이 안 서네요. 혹시 소득 기준 계산하는 방법이나, 어디에서 확인할 수 있는지 아시는 분 계실까요? 직접 고용센터 가기 전에 미리 좀 알고 가고 싶어요.",https://kin.naver.com/qna/detail.naver?d1id=6&dirId=601&docId=491783498&qb=7Leo7JeF&enc=utf8
"국민취업지원제도 1,2유형 차이 학원 직종","이번에 국민취업지원제도 2유형으로 2차 상담 했는데요. 학원 수강이 직종 1가지만 가능 하다네요. 예를 들면 음식조리,제과제빵,바리스타 는 안되고 음식조리만 선택 하든지 다른거 선택 하든지 해라네여.작년에 학원 다닐때 어떤 형님도 국민취업지원제도 하던데 바리스타,음식조리,제과 배우고 제빵 수강 하던데 1,2유형이 달라서 인가요???쉽게 말하면 1유형은 여러직종 가능 하고 2유형은 1가지 직종만 가능 한가요???",https://kin.naver.com/qna/detail.naver?d1id=11&dirId=110704&docId=485251038&qb=7Leo7JeF&enc=utf8
"금융수학과 AI, 빅데이터 취업","안녕하세요 저는 지금 금융수학을 전공하고 있는 학생입니다.과가 금융, 수학, IT가 중심이고 약간의 AI와 데이터 내용을 배우는데 AI, 빅데이터 쪽 직무 취업을 희망해서 몇가지 고민사항이 있습니다. 1. 확고하게 데이터 쪽으로 가고싶어서 전공 중에 금융 관련 수업은 안 들어도 나중에 취업할 때 괜찮을지(데이터 직무를 희망한다 해서 금융수학 과인데 금융수업을 안 들어도 괜찮은지)2. 요즘 금융권과 데이터 중에서 어느 쪽이 더 취업이 잘되는 추세인가요?금융권이나 데이터직에 종사하고 계신 분들의 생각이 궁금합니다!",https://kin.naver.com/qna/detail.naver?d1id=4&dirId=40403&docId=491596626&qb=7Leo7JeF&enc=utf8
일본 워홀 취업비자로 전환,"안녕하세요 국내에서 전문대 졸업했고 일본으로 워홀가서 취업비자 받고 싶은데 전문대 졸업자는 관련분야에만 취업비자 나오는 게 진짠가요? 호텔, 관광쪽은 전공자 아니라도 전문대졸업자면 취업비자 나오는 지 궁금합니다그리고 학점은행제로 4년제 학사 취득하면 분야 상관없이 취업비자 받을 수 있나요?",https://kin.naver.com/qna/detail.naver?d1id=11&dirId=110603&docId=486364580&qb=7Leo7JeF&enc=utf8
대학안가고취업하는방법,요즘 사회에서는 왠만해서는 대학많이 가는데 실제로 대학교 않가고 취업할 수 있는 방법 있나요? 제가 알기로 의사나 파일럿등 대졸후 면허를 취득해야 가능한 직업도 있지만 대학교 않가고 취업가능한 분야가 뭔지도 알려주세요,https://kin.naver.com/qna/detail.naver?d1id=4&dirId=406&docId=491442176&qb=7Leo7JeF&enc=utf8
[취업규칙-차량관리규정],"차량관리규정 관련)​배경) 취업규칙에 “간부급 이상 영업직원이 업무용으로 활용될 개인차량 구입비용을 2,500만원 한도에서 지원한다”라고 명시되어 있음             회사에서 이 조항을 폐지하려고 함질문) 취업규칙 변경 시, 근로자 과반수 동의를 받아야 하는데,        ‘차량 구입비용 지원’ 조항 폐지도 근로자 과반수 동의 대상에 포함되는지?(즉, 단순 복지/혜택 관련 사항도 과반수 동의가 필요한지 여부)연차 관련)배경) 회사에서 샌드위치 데이 등 특정일을 지정하여 근로자가 본인의 연차를 사용하도록 조치함 (단, 출근이 필요한 사람은 근로 가능)질문)  회사가 특정일을 지정하여 연차를 사용하도록 하는 것이 문제 사유가 될 수 있는지? (법적)",https://kin.naver.com/qna/detail.naver?d1id=6&dirId=6080401&docId=491764775&qb=7Leo7JeF&enc=utf8
"직업계고 취업 지원, 정말 실질적인...","최근 교육부에서 발표한 직업계고 취업지원 강화 방안이 정말 학생들에게 실질적인 도움이 될지 궁금합니다. 뉴스에서는 지역 우수기업과 연계해 조기 이탈을 방지하고, 현장실습도 강화한다고 하던데요. 실제로 학교에서 배운 것들이 기업에서 얼마나 유용하게 쓰일지, 그리고 학생들이 얼마나 만족할지 직접 경험해본 분들의 이야기가 듣고 싶어요. 혹시 주변에 이런 프로그램에 참여해본 사람이 있거나, 본인 경험이 있다면 솔직한 의견 부탁드립니다.",https://kin.naver.com/qna/detail.naver?d1id=11&dirId=110704&docId=492315352&qb=7Leo7JeF&enc=utf8
청년 취업 해택,취업한지 2년 20대 초반입니다청년이 취업 했을때 받을수 있는 해택들 좀 알려주세요재산 상관 없이 받을수 있는걸로요,https://kin.naver.com/qna/detail.naver?d1id=4&dirId=40612&docId=492143807&qb=7Leo7JeF&enc=utf8
임상병리사 취업시필요한자격증,임상병리사분들 ㅜㅜ 취업할때 유용한 자격증 뭐 있을까요? 토익이랑 컴활정도로 알고있는데 토익은 무조건 할거구요 컴활은 2급정도면 되나요? 그리고 제가 병원코디네이터자격증을 그냥 재미사마 햇는데 이것도 도움이 되긴하나요?,https://kin.naver.com/qna/detail.naver?d1id=11&dirId=110704&docId=491661074&qb=7Leo7JeF&enc=utf8
실업급여 종료 이후 국민취업지원제도,안녕하세요. 실업급여 및 국민취업지원제도 관련해서 문의드립니다.1. 실업급여 종료일은 마지막 회차의 실업인정일이 지나면 끝나는걸까요?( ex. 8회차(마지막회차)의 실업인정일이 26.1.1.이면 1.2.부터 종료된것인지 )2. 만약 위 상황이 실업급여 종료된 게 맞다면 국민취업지원제도 신청이 바로 가능한지궁금합니다.,https://kin.naver.com/qna/detail.naver?d1id=6&dirId=6080402&docId=491422757&qb=7Leo7JeF&enc=utf8
국민취업지원제도 사후관리 중 4대보험...,사후관리중이고 이때 취업하면 취업성공받을 수 있는 조건입니다현재 아르바이트알아보고있는데 4대보험 받으면 취업으로 인정되어 취업성공수당 받을 수 있나요?,https://kin.naver.com/qna/detail.naver?d1id=4&dirId=40612&docId=489211291&qb=7Leo7JeF&enc=utf8
